dataset,top_n,gene_mode,gene_id,fold,modality,f1
LINCS,5,ranked,r0,1,CP,0.1469266921444308
LINCS,5,ranked,r0,1,GE,0.0632736954728421
LINCS,5,ranked,r0,1,Early Fusion,0.162871805921005
LINCS,5,ranked,r0,1,Late Fusion,0.1512215079499659
LINCS,5,random,rand1,1,CP,0.1469266921444308
LINCS,5,random,rand1,1,GE,0.03815266931165465
LINCS,5,random,rand1,1,Early Fusion,0.15368391426963296
LINCS,5,random,rand1,1,Late Fusion,0.1453356934261029
LINCS,5,random,rand2,1,CP,0.1469266921444308
LINCS,5,random,rand2,1,GE,0.027766499411111884
LINCS,5,random,rand2,1,Early Fusion,0.1530045058839384
LINCS,5,random,rand2,1,Late Fusion,0.1482448886529354
LINCS,5,random,rand3,1,CP,0.1469266921444308
LINCS,5,random,rand3,1,GE,0.023842513594066386
LINCS,5,random,rand3,1,Early Fusion,0.15843717255119102
LINCS,5,random,rand3,1,Late Fusion,0.15149995046443326
LINCS,5,random,rand4,1,CP,0.1469266921444308
LINCS,5,random,rand4,1,GE,0.050162096341395554
LINCS,5,random,rand4,1,Early Fusion,0.14743128482573442
LINCS,5,random,rand4,1,Late Fusion,0.14272212745712184
LINCS,5,random,rand5,1,CP,0.1469266921444308
LINCS,5,random,rand5,1,GE,0.060247191635087564
LINCS,5,random,rand5,1,Early Fusion,0.15779127363538462
LINCS,5,random,rand5,1,Late Fusion,0.14570935045958852
LINCS,5,ranked,r0,2,CP,0.14499424699491112
LINCS,5,ranked,r0,2,GE,0.06770521802067543
LINCS,5,ranked,r0,2,Early Fusion,0.15819297665409313
LINCS,5,ranked,r0,2,Late Fusion,0.1449737429747673
LINCS,5,random,rand1,2,CP,0.14499424699491112
LINCS,5,random,rand1,2,GE,0.029815623959088502
LINCS,5,random,rand1,2,Early Fusion,0.13430469780409954
LINCS,5,random,rand1,2,Late Fusion,0.14383151912696243
LINCS,5,random,rand2,2,CP,0.14499424699491112
LINCS,5,random,rand2,2,GE,0.015700351716886034
LINCS,5,random,rand2,2,Early Fusion,0.13519588581308511
LINCS,5,random,rand2,2,Late Fusion,0.14148366816424696
LINCS,5,random,rand3,2,CP,0.14499424699491112
LINCS,5,random,rand3,2,GE,0.027637390004980906
LINCS,5,random,rand3,2,Early Fusion,0.12694771054392506
LINCS,5,random,rand3,2,Late Fusion,0.1415509334320558
LINCS,5,random,rand4,2,CP,0.14499424699491112
LINCS,5,random,rand4,2,GE,0.01903176217276687
LINCS,5,random,rand4,2,Early Fusion,0.13671985464472747
LINCS,5,random,rand4,2,Late Fusion,0.14898733196879202
LINCS,5,random,rand5,2,CP,0.14499424699491112
LINCS,5,random,rand5,2,GE,0.020511034706618303
LINCS,5,random,rand5,2,Early Fusion,0.136831211580903
LINCS,5,random,rand5,2,Late Fusion,0.1440489390514295
LINCS,5,ranked,r0,3,CP,0.2807634721556302
LINCS,5,ranked,r0,3,GE,0.16002840858270964
LINCS,5,ranked,r0,3,Early Fusion,0.3127506513685711
LINCS,5,ranked,r0,3,Late Fusion,0.2884223598122484
LINCS,5,random,rand1,3,CP,0.2807634721556302
LINCS,5,random,rand1,3,GE,0.03929511627452131
LINCS,5,random,rand1,3,Early Fusion,0.30001038916213457
LINCS,5,random,rand1,3,Late Fusion,0.29554675737708075
LINCS,5,random,rand2,3,CP,0.2807634721556302
LINCS,5,random,rand2,3,GE,0.0466895771847253
LINCS,5,random,rand2,3,Early Fusion,0.2964669789910658
LINCS,5,random,rand2,3,Late Fusion,0.2799521363129542
LINCS,5,random,rand3,3,CP,0.2807634721556302
LINCS,5,random,rand3,3,GE,0.05844199227640486
LINCS,5,random,rand3,3,Early Fusion,0.29842600770443767
LINCS,5,random,rand3,3,Late Fusion,0.28944943212145474
LINCS,5,random,rand4,3,CP,0.2807634721556302
LINCS,5,random,rand4,3,GE,0.05160439471847632
LINCS,5,random,rand4,3,Early Fusion,0.2971318919555451
LINCS,5,random,rand4,3,Late Fusion,0.285768471081632
LINCS,5,random,rand5,3,CP,0.2807634721556302
LINCS,5,random,rand5,3,GE,0.12576339648237844
LINCS,5,random,rand5,3,Early Fusion,0.29387536596358194
LINCS,5,random,rand5,3,Late Fusion,0.2831927687550161
LINCS,5,ranked,r0,4,CP,0.16795134500465914
LINCS,5,ranked,r0,4,GE,0.07520374819807116
LINCS,5,ranked,r0,4,Early Fusion,0.1717643719726792
LINCS,5,ranked,r0,4,Late Fusion,0.16884159760898135
LINCS,5,random,rand1,4,CP,0.16795134500465914
LINCS,5,random,rand1,4,GE,0.006119929293933069
LINCS,5,random,rand1,4,Early Fusion,0.16374655163458338
LINCS,5,random,rand1,4,Late Fusion,0.17503659990224882
LINCS,5,random,rand2,4,CP,0.16795134500465914
LINCS,5,random,rand2,4,GE,0.012230719295876812
LINCS,5,random,rand2,4,Early Fusion,0.16330577684916417
LINCS,5,random,rand2,4,Late Fusion,0.1658547083752719
LINCS,5,random,rand3,4,CP,0.16795134500465914
LINCS,5,random,rand3,4,GE,0.01233366967591354
LINCS,5,random,rand3,4,Early Fusion,0.16479080641763583
LINCS,5,random,rand3,4,Late Fusion,0.17315687006862848
LINCS,5,random,rand4,4,CP,0.16795134500465914
LINCS,5,random,rand4,4,GE,0.03059942443599597
LINCS,5,random,rand4,4,Early Fusion,0.1631219723982374
LINCS,5,random,rand4,4,Late Fusion,0.1750344396237768
LINCS,5,random,rand5,4,CP,0.16795134500465914
LINCS,5,random,rand5,4,GE,0.019344032467111544
LINCS,5,random,rand5,4,Early Fusion,0.16382765527955695
LINCS,5,random,rand5,4,Late Fusion,0.16899627376544352
LINCS,5,ranked,r0,5,CP,0.268721001097659
LINCS,5,ranked,r0,5,GE,0.1548984122363818
LINCS,5,ranked,r0,5,Early Fusion,0.2833659574350149
LINCS,5,ranked,r0,5,Late Fusion,0.2811667786935818
LINCS,5,random,rand1,5,CP,0.268721001097659
LINCS,5,random,rand1,5,GE,0.02083320163766201
LINCS,5,random,rand1,5,Early Fusion,0.2726752071193649
LINCS,5,random,rand1,5,Late Fusion,0.275397729605833
LINCS,5,random,rand2,5,CP,0.268721001097659
LINCS,5,random,rand2,5,GE,0.06472667572885438
LINCS,5,random,rand2,5,Early Fusion,0.27626339734182864
LINCS,5,random,rand2,5,Late Fusion,0.2753820192325172
LINCS,5,random,rand3,5,CP,0.268721001097659
LINCS,5,random,rand3,5,GE,0.04444488677449814
LINCS,5,random,rand3,5,Early Fusion,0.2738833457787706
LINCS,5,random,rand3,5,Late Fusion,0.2707553750688014
LINCS,5,random,rand4,5,CP,0.268721001097659
LINCS,5,random,rand4,5,GE,0.05851878047580159
LINCS,5,random,rand4,5,Early Fusion,0.2783372310374536
LINCS,5,random,rand4,5,Late Fusion,0.27712731529652074
LINCS,5,random,rand5,5,CP,0.268721001097659
LINCS,5,random,rand5,5,GE,0.09252319802373252
LINCS,5,random,rand5,5,Early Fusion,0.2713511426352557
LINCS,5,random,rand5,5,Late Fusion,0.27582492256586766
LINCS,10,ranked,r0,1,CP,0.1469266921444308
LINCS,10,ranked,r0,1,GE,0.09429816379707309
LINCS,10,ranked,r0,1,Early Fusion,0.15871191077069668
LINCS,10,ranked,r0,1,Late Fusion,0.1536769717371105
LINCS,10,random,rand1,1,CP,0.1469266921444308
LINCS,10,random,rand1,1,GE,0.08436479085792588
LINCS,10,random,rand1,1,Early Fusion,0.1503804979347569
LINCS,10,random,rand1,1,Late Fusion,0.13829178556442617
LINCS,10,random,rand2,1,CP,0.1469266921444308
LINCS,10,random,rand2,1,GE,0.07295148782014045
LINCS,10,random,rand2,1,Early Fusion,0.16080796003351683
LINCS,10,random,rand2,1,Late Fusion,0.1580248796499134
LINCS,10,random,rand3,1,CP,0.1469266921444308
LINCS,10,random,rand3,1,GE,0.03830028042921596
LINCS,10,random,rand3,1,Early Fusion,0.1519864979062358
LINCS,10,random,rand3,1,Late Fusion,0.14273301838657546
LINCS,10,random,rand4,1,CP,0.1469266921444308
LINCS,10,random,rand4,1,GE,0.06336263804279862
LINCS,10,random,rand4,1,Early Fusion,0.15041550337570048
LINCS,10,random,rand4,1,Late Fusion,0.14616246245244235
LINCS,10,random,rand5,1,CP,0.1469266921444308
LINCS,10,random,rand5,1,GE,0.07901185082707766
LINCS,10,random,rand5,1,Early Fusion,0.15404943295380635
LINCS,10,random,rand5,1,Late Fusion,0.14318781977282447
LINCS,10,ranked,r0,2,CP,0.14499424699491112
LINCS,10,ranked,r0,2,GE,0.12472947166224019
LINCS,10,ranked,r0,2,Early Fusion,0.15374214844726436
LINCS,10,ranked,r0,2,Late Fusion,0.15866556151466815
LINCS,10,random,rand1,2,CP,0.14499424699491112
LINCS,10,random,rand1,2,GE,0.06149357622063698
LINCS,10,random,rand1,2,Early Fusion,0.13930393767933197
LINCS,10,random,rand1,2,Late Fusion,0.15082954911822227
LINCS,10,random,rand2,2,CP,0.14499424699491112
LINCS,10,random,rand2,2,GE,0.0509124759356296
LINCS,10,random,rand2,2,Early Fusion,0.13649932776857993
LINCS,10,random,rand2,2,Late Fusion,0.15185844806836568
LINCS,10,random,rand3,2,CP,0.14499424699491112
LINCS,10,random,rand3,2,GE,0.04811473228518234
LINCS,10,random,rand3,2,Early Fusion,0.13645088408495348
LINCS,10,random,rand3,2,Late Fusion,0.14438041619678676
LINCS,10,random,rand4,2,CP,0.14499424699491112
LINCS,10,random,rand4,2,GE,0.03625838110421401
LINCS,10,random,rand4,2,Early Fusion,0.12934079955341218
LINCS,10,random,rand4,2,Late Fusion,0.15097733960231638
LINCS,10,random,rand5,2,CP,0.14499424699491112
LINCS,10,random,rand5,2,GE,0.05483726910912031
LINCS,10,random,rand5,2,Early Fusion,0.13170700888722664
LINCS,10,random,rand5,2,Late Fusion,0.1318838501598068
LINCS,10,ranked,r0,3,CP,0.2807634721556302
LINCS,10,ranked,r0,3,GE,0.22346924979036925
LINCS,10,ranked,r0,3,Early Fusion,0.2973473900897837
LINCS,10,ranked,r0,3,Late Fusion,0.2966659741928223
LINCS,10,random,rand1,3,CP,0.2807634721556302
LINCS,10,random,rand1,3,GE,0.1432772646540802
LINCS,10,random,rand1,3,Early Fusion,0.2912249599271369
LINCS,10,random,rand1,3,Late Fusion,0.2888761560102216
LINCS,10,random,rand2,3,CP,0.2807634721556302
LINCS,10,random,rand2,3,GE,0.10692448476975332
LINCS,10,random,rand2,3,Early Fusion,0.2799261265918307
LINCS,10,random,rand2,3,Late Fusion,0.28692627591220937
LINCS,10,random,rand3,3,CP,0.2807634721556302
LINCS,10,random,rand3,3,GE,0.10269752410939881
LINCS,10,random,rand3,3,Early Fusion,0.2801618173006672
LINCS,10,random,rand3,3,Late Fusion,0.29511415111243
LINCS,10,random,rand4,3,CP,0.2807634721556302
LINCS,10,random,rand4,3,GE,0.12766369682496587
LINCS,10,random,rand4,3,Early Fusion,0.284135578257524
LINCS,10,random,rand4,3,Late Fusion,0.2865823026045623
LINCS,10,random,rand5,3,CP,0.2807634721556302
LINCS,10,random,rand5,3,GE,0.10661992219101996
LINCS,10,random,rand5,3,Early Fusion,0.2859739371643798
LINCS,10,random,rand5,3,Late Fusion,0.28364629139630637
LINCS,10,ranked,r0,4,CP,0.16795134500465914
LINCS,10,ranked,r0,4,GE,0.10497904029330846
LINCS,10,ranked,r0,4,Early Fusion,0.17676503000205698
LINCS,10,ranked,r0,4,Late Fusion,0.1745465643662451
LINCS,10,random,rand1,4,CP,0.16795134500465914
LINCS,10,random,rand1,4,GE,0.06673848779884163
LINCS,10,random,rand1,4,Early Fusion,0.17918720752039957
LINCS,10,random,rand1,4,Late Fusion,0.1659599978796781
LINCS,10,random,rand2,4,CP,0.16795134500465914
LINCS,10,random,rand2,4,GE,0.04608293475031157
LINCS,10,random,rand2,4,Early Fusion,0.17069137689694888
LINCS,10,random,rand2,4,Late Fusion,0.16830350400904287
LINCS,10,random,rand3,4,CP,0.16795134500465914
LINCS,10,random,rand3,4,GE,0.023701532947090754
LINCS,10,random,rand3,4,Early Fusion,0.18315190249301466
LINCS,10,random,rand3,4,Late Fusion,0.17378103110129503
LINCS,10,random,rand4,4,CP,0.16795134500465914
LINCS,10,random,rand4,4,GE,0.05863686314058273
LINCS,10,random,rand4,4,Early Fusion,0.16987346175266074
LINCS,10,random,rand4,4,Late Fusion,0.16533356572981933
LINCS,10,random,rand5,4,CP,0.16795134500465914
LINCS,10,random,rand5,4,GE,0.06724446498984556
LINCS,10,random,rand5,4,Early Fusion,0.1705112433843258
LINCS,10,random,rand5,4,Late Fusion,0.16855885104934315
LINCS,10,ranked,r0,5,CP,0.268721001097659
LINCS,10,ranked,r0,5,GE,0.2102348802717253
LINCS,10,ranked,r0,5,Early Fusion,0.28399898768713694
LINCS,10,ranked,r0,5,Late Fusion,0.30088809825005686
LINCS,10,random,rand1,5,CP,0.268721001097659
LINCS,10,random,rand1,5,GE,0.09335593339855497
LINCS,10,random,rand1,5,Early Fusion,0.27250908705459675
LINCS,10,random,rand1,5,Late Fusion,0.27009025295338396
LINCS,10,random,rand2,5,CP,0.268721001097659
LINCS,10,random,rand2,5,GE,0.10422569598196836
LINCS,10,random,rand2,5,Early Fusion,0.28060186615756527
LINCS,10,random,rand2,5,Late Fusion,0.27394388117913415
LINCS,10,random,rand3,5,CP,0.268721001097659
LINCS,10,random,rand3,5,GE,0.10242720347863854
LINCS,10,random,rand3,5,Early Fusion,0.2720407823279672
LINCS,10,random,rand3,5,Late Fusion,0.27356703009934513
LINCS,10,random,rand4,5,CP,0.268721001097659
LINCS,10,random,rand4,5,GE,0.11715974647966432
LINCS,10,random,rand4,5,Early Fusion,0.2683690453804583
LINCS,10,random,rand4,5,Late Fusion,0.28109573161688745
LINCS,10,random,rand5,5,CP,0.268721001097659
LINCS,10,random,rand5,5,GE,0.10434070532247251
LINCS,10,random,rand5,5,Early Fusion,0.2779024327875003
LINCS,10,random,rand5,5,Late Fusion,0.27145792313265593
LINCS,15,ranked,r0,1,CP,0.1469266921444308
LINCS,15,ranked,r0,1,GE,0.13702430046285208
LINCS,15,ranked,r0,1,Early Fusion,0.1651654298082869
LINCS,15,ranked,r0,1,Late Fusion,0.15621800917957923
LINCS,15,random,rand1,1,CP,0.1469266921444308
LINCS,15,random,rand1,1,GE,0.06335577709344609
LINCS,15,random,rand1,1,Early Fusion,0.14992995197270464
LINCS,15,random,rand1,1,Late Fusion,0.15102816544712871
LINCS,15,random,rand2,1,CP,0.1469266921444308
LINCS,15,random,rand2,1,GE,0.07232629878054182
LINCS,15,random,rand2,1,Early Fusion,0.15040030662218556
LINCS,15,random,rand2,1,Late Fusion,0.1547924306995899
LINCS,15,random,rand3,1,CP,0.1469266921444308
LINCS,15,random,rand3,1,GE,0.09430215529267508
LINCS,15,random,rand3,1,Early Fusion,0.1508330464966316
LINCS,15,random,rand3,1,Late Fusion,0.15903240615199382
LINCS,15,random,rand4,1,CP,0.1469266921444308
LINCS,15,random,rand4,1,GE,0.08326770837224436
LINCS,15,random,rand4,1,Early Fusion,0.15250381460769705
LINCS,15,random,rand4,1,Late Fusion,0.1542074726685447
LINCS,15,random,rand5,1,CP,0.1469266921444308
LINCS,15,random,rand5,1,GE,0.06298357619121722
LINCS,15,random,rand5,1,Early Fusion,0.15052458217495102
LINCS,15,random,rand5,1,Late Fusion,0.1486920888364903
LINCS,15,ranked,r0,2,CP,0.14499424699491112
LINCS,15,ranked,r0,2,GE,0.1273325835275701
LINCS,15,ranked,r0,2,Early Fusion,0.13580038649624845
LINCS,15,ranked,r0,2,Late Fusion,0.15995084869508275
LINCS,15,random,rand1,2,CP,0.14499424699491112
LINCS,15,random,rand1,2,GE,0.044170755177095254
LINCS,15,random,rand1,2,Early Fusion,0.12787500489986228
LINCS,15,random,rand1,2,Late Fusion,0.1423248804620214
LINCS,15,random,rand2,2,CP,0.14499424699491112
LINCS,15,random,rand2,2,GE,0.06767459786387231
LINCS,15,random,rand2,2,Early Fusion,0.12968042792483886
LINCS,15,random,rand2,2,Late Fusion,0.15090547091824802
LINCS,15,random,rand3,2,CP,0.14499424699491112
LINCS,15,random,rand3,2,GE,0.06993677361434293
LINCS,15,random,rand3,2,Early Fusion,0.12892636490583492
LINCS,15,random,rand3,2,Late Fusion,0.1553614567696775
LINCS,15,random,rand4,2,CP,0.14499424699491112
LINCS,15,random,rand4,2,GE,0.06368825706365137
LINCS,15,random,rand4,2,Early Fusion,0.13330277519003345
LINCS,15,random,rand4,2,Late Fusion,0.14572013633947126
LINCS,15,random,rand5,2,CP,0.14499424699491112
LINCS,15,random,rand5,2,GE,0.03827138419534236
LINCS,15,random,rand5,2,Early Fusion,0.1320259237554533
LINCS,15,random,rand5,2,Late Fusion,0.14160097075824882
LINCS,15,ranked,r0,3,CP,0.2807634721556302
LINCS,15,ranked,r0,3,GE,0.2771481020462714
LINCS,15,ranked,r0,3,Early Fusion,0.2984022796787833
LINCS,15,ranked,r0,3,Late Fusion,0.2968093562734569
LINCS,15,random,rand1,3,CP,0.2807634721556302
LINCS,15,random,rand1,3,GE,0.14854038089087127
LINCS,15,random,rand1,3,Early Fusion,0.282002334257757
LINCS,15,random,rand1,3,Late Fusion,0.291001009665105
LINCS,15,random,rand2,3,CP,0.2807634721556302
LINCS,15,random,rand2,3,GE,0.14717945087110954
LINCS,15,random,rand2,3,Early Fusion,0.27276434223575374
LINCS,15,random,rand2,3,Late Fusion,0.2811692285328482
LINCS,15,random,rand3,3,CP,0.2807634721556302
LINCS,15,random,rand3,3,GE,0.12519920399643014
LINCS,15,random,rand3,3,Early Fusion,0.2857537424821873
LINCS,15,random,rand3,3,Late Fusion,0.2850058472648265
LINCS,15,random,rand4,3,CP,0.2807634721556302
LINCS,15,random,rand4,3,GE,0.12503000536066258
LINCS,15,random,rand4,3,Early Fusion,0.28500772354970255
LINCS,15,random,rand4,3,Late Fusion,0.28857382257832603
LINCS,15,random,rand5,3,CP,0.2807634721556302
LINCS,15,random,rand5,3,GE,0.0718848550378087
LINCS,15,random,rand5,3,Early Fusion,0.26975675982854147
LINCS,15,random,rand5,3,Late Fusion,0.27982370218087976
LINCS,15,ranked,r0,4,CP,0.16795134500465914
LINCS,15,ranked,r0,4,GE,0.13040414831009087
LINCS,15,ranked,r0,4,Early Fusion,0.1778772086669831
LINCS,15,ranked,r0,4,Late Fusion,0.18379756775736353
LINCS,15,random,rand1,4,CP,0.16795134500465914
LINCS,15,random,rand1,4,GE,0.07385569774728698
LINCS,15,random,rand1,4,Early Fusion,0.1662671414416388
LINCS,15,random,rand1,4,Late Fusion,0.17734186595646165
LINCS,15,random,rand2,4,CP,0.16795134500465914
LINCS,15,random,rand2,4,GE,0.07462940903763719
LINCS,15,random,rand2,4,Early Fusion,0.17212075868415924
LINCS,15,random,rand2,4,Late Fusion,0.17874237913863272
LINCS,15,random,rand3,4,CP,0.16795134500465914
LINCS,15,random,rand3,4,GE,0.05428705972950253
LINCS,15,random,rand3,4,Early Fusion,0.1690727727683144
LINCS,15,random,rand3,4,Late Fusion,0.17417254605973034
LINCS,15,random,rand4,4,CP,0.16795134500465914
LINCS,15,random,rand4,4,GE,0.09931579437106382
LINCS,15,random,rand4,4,Early Fusion,0.16645633938672008
LINCS,15,random,rand4,4,Late Fusion,0.1802289283099508
LINCS,15,random,rand5,4,CP,0.16795134500465914
LINCS,15,random,rand5,4,GE,0.018786757677732458
LINCS,15,random,rand5,4,Early Fusion,0.1565318582346446
LINCS,15,random,rand5,4,Late Fusion,0.16877978834789087
LINCS,15,ranked,r0,5,CP,0.268721001097659
LINCS,15,ranked,r0,5,GE,0.2177065668250739
LINCS,15,ranked,r0,5,Early Fusion,0.28055569693475474
LINCS,15,ranked,r0,5,Late Fusion,0.3030404212066445
LINCS,15,random,rand1,5,CP,0.268721001097659
LINCS,15,random,rand1,5,GE,0.11878031139750164
LINCS,15,random,rand1,5,Early Fusion,0.26521697668641825
LINCS,15,random,rand1,5,Late Fusion,0.2863736357881238
LINCS,15,random,rand2,5,CP,0.268721001097659
LINCS,15,random,rand2,5,GE,0.13052646736420032
LINCS,15,random,rand2,5,Early Fusion,0.2689510598769858
LINCS,15,random,rand2,5,Late Fusion,0.2703484224468057
LINCS,15,random,rand3,5,CP,0.268721001097659
LINCS,15,random,rand3,5,GE,0.12764963741803756
LINCS,15,random,rand3,5,Early Fusion,0.2694874160789767
LINCS,15,random,rand3,5,Late Fusion,0.2962539856988997
LINCS,15,random,rand4,5,CP,0.268721001097659
LINCS,15,random,rand4,5,GE,0.11823244522519885
LINCS,15,random,rand4,5,Early Fusion,0.26664691388346934
LINCS,15,random,rand4,5,Late Fusion,0.2878939510879855
LINCS,15,random,rand5,5,CP,0.268721001097659
LINCS,15,random,rand5,5,GE,0.054951601069097876
LINCS,15,random,rand5,5,Early Fusion,0.27201507099878114
LINCS,15,random,rand5,5,Late Fusion,0.2785703583316455
LINCS,20,ranked,r0,1,CP,0.1469266921444308
LINCS,20,ranked,r0,1,GE,0.15803683666955975
LINCS,20,ranked,r0,1,Early Fusion,0.17197276983652182
LINCS,20,ranked,r0,1,Late Fusion,0.15847614756980596
LINCS,20,random,rand1,1,CP,0.1469266921444308
LINCS,20,random,rand1,1,GE,0.1189930263654271
LINCS,20,random,rand1,1,Early Fusion,0.15946407336190868
LINCS,20,random,rand1,1,Late Fusion,0.159819581558304
LINCS,20,random,rand2,1,CP,0.1469266921444308
LINCS,20,random,rand2,1,GE,0.0706933073526985
LINCS,20,random,rand2,1,Early Fusion,0.15036507861884155
LINCS,20,random,rand2,1,Late Fusion,0.15170145389825024
LINCS,20,random,rand3,1,CP,0.1469266921444308
LINCS,20,random,rand3,1,GE,0.0925363599247242
LINCS,20,random,rand3,1,Early Fusion,0.1605973897209964
LINCS,20,random,rand3,1,Late Fusion,0.1586228912201452
LINCS,20,random,rand4,1,CP,0.1469266921444308
LINCS,20,random,rand4,1,GE,0.07796310137057057
LINCS,20,random,rand4,1,Early Fusion,0.15548378823072842
LINCS,20,random,rand4,1,Late Fusion,0.15344505158696164
LINCS,20,random,rand5,1,CP,0.1469266921444308
LINCS,20,random,rand5,1,GE,0.08433039071511853
LINCS,20,random,rand5,1,Early Fusion,0.1479037942915027
LINCS,20,random,rand5,1,Late Fusion,0.15007615778787844
LINCS,20,ranked,r0,2,CP,0.14499424699491112
LINCS,20,ranked,r0,2,GE,0.1376444812339131
LINCS,20,ranked,r0,2,Early Fusion,0.16181686522380528
LINCS,20,ranked,r0,2,Late Fusion,0.16793938531444758
LINCS,20,random,rand1,2,CP,0.14499424699491112
LINCS,20,random,rand1,2,GE,0.07642068072736019
LINCS,20,random,rand1,2,Early Fusion,0.14465312260047386
LINCS,20,random,rand1,2,Late Fusion,0.1526766083548418
LINCS,20,random,rand2,2,CP,0.14499424699491112
LINCS,20,random,rand2,2,GE,0.06879482611297419
LINCS,20,random,rand2,2,Early Fusion,0.155498131937422
LINCS,20,random,rand2,2,Late Fusion,0.16523740524238614
LINCS,20,random,rand3,2,CP,0.14499424699491112
LINCS,20,random,rand3,2,GE,0.06618647902783355
LINCS,20,random,rand3,2,Early Fusion,0.16344211119853766
LINCS,20,random,rand3,2,Late Fusion,0.15364847210273075
LINCS,20,random,rand4,2,CP,0.14499424699491112
LINCS,20,random,rand4,2,GE,0.06685694256672174
LINCS,20,random,rand4,2,Early Fusion,0.1409680777205755
LINCS,20,random,rand4,2,Late Fusion,0.14144411456439485
LINCS,20,random,rand5,2,CP,0.14499424699491112
LINCS,20,random,rand5,2,GE,0.06009303879641499
LINCS,20,random,rand5,2,Early Fusion,0.14192715801548608
LINCS,20,random,rand5,2,Late Fusion,0.13687456916809923
LINCS,20,ranked,r0,3,CP,0.2807634721556302
LINCS,20,ranked,r0,3,GE,0.28007337847917557
LINCS,20,ranked,r0,3,Early Fusion,0.3300119181562146
LINCS,20,ranked,r0,3,Late Fusion,0.30497429991024466
LINCS,20,random,rand1,3,CP,0.2807634721556302
LINCS,20,random,rand1,3,GE,0.193214125099597
LINCS,20,random,rand1,3,Early Fusion,0.2861115788404037
LINCS,20,random,rand1,3,Late Fusion,0.28493210056064494
LINCS,20,random,rand2,3,CP,0.2807634721556302
LINCS,20,random,rand2,3,GE,0.14707574051664427
LINCS,20,random,rand2,3,Early Fusion,0.2937945456968358
LINCS,20,random,rand2,3,Late Fusion,0.2762026449952332
LINCS,20,random,rand3,3,CP,0.2807634721556302
LINCS,20,random,rand3,3,GE,0.16639411502554097
LINCS,20,random,rand3,3,Early Fusion,0.29275701874671317
LINCS,20,random,rand3,3,Late Fusion,0.2841425278145505
LINCS,20,random,rand4,3,CP,0.2807634721556302
LINCS,20,random,rand4,3,GE,0.17453309288410032
LINCS,20,random,rand4,3,Early Fusion,0.298536462237477
LINCS,20,random,rand4,3,Late Fusion,0.29372051447693615
LINCS,20,random,rand5,3,CP,0.2807634721556302
LINCS,20,random,rand5,3,GE,0.14829926114241812
LINCS,20,random,rand5,3,Early Fusion,0.29703762979008425
LINCS,20,random,rand5,3,Late Fusion,0.28563084443721354
LINCS,20,ranked,r0,4,CP,0.16795134500465914
LINCS,20,ranked,r0,4,GE,0.12793623342598798
LINCS,20,ranked,r0,4,Early Fusion,0.17249470430306163
LINCS,20,ranked,r0,4,Late Fusion,0.18540067889310952
LINCS,20,random,rand1,4,CP,0.16795134500465914
LINCS,20,random,rand1,4,GE,0.07549976245941663
LINCS,20,random,rand1,4,Early Fusion,0.17595578456061528
LINCS,20,random,rand1,4,Late Fusion,0.17154158574047948
LINCS,20,random,rand2,4,CP,0.16795134500465914
LINCS,20,random,rand2,4,GE,0.061005742581494
LINCS,20,random,rand2,4,Early Fusion,0.16567818988568267
LINCS,20,random,rand2,4,Late Fusion,0.16800631535157282
LINCS,20,random,rand3,4,CP,0.16795134500465914
LINCS,20,random,rand3,4,GE,0.07836365045476225
LINCS,20,random,rand3,4,Early Fusion,0.18000278514649817
LINCS,20,random,rand3,4,Late Fusion,0.16633425338717864
LINCS,20,random,rand4,4,CP,0.16795134500465914
LINCS,20,random,rand4,4,GE,0.08022063007429675
LINCS,20,random,rand4,4,Early Fusion,0.1765187300499979
LINCS,20,random,rand4,4,Late Fusion,0.1767332131525215
LINCS,20,random,rand5,4,CP,0.16795134500465914
LINCS,20,random,rand5,4,GE,0.07040945221033729
LINCS,20,random,rand5,4,Early Fusion,0.17521429422801413
LINCS,20,random,rand5,4,Late Fusion,0.17143444634961785
LINCS,20,ranked,r0,5,CP,0.268721001097659
LINCS,20,ranked,r0,5,GE,0.23293360798199444
LINCS,20,ranked,r0,5,Early Fusion,0.2962107951694647
LINCS,20,ranked,r0,5,Late Fusion,0.2972796366804736
LINCS,20,random,rand1,5,CP,0.268721001097659
LINCS,20,random,rand1,5,GE,0.17118700344826254
LINCS,20,random,rand1,5,Early Fusion,0.26804300274909454
LINCS,20,random,rand1,5,Late Fusion,0.27543455847154696
LINCS,20,random,rand2,5,CP,0.268721001097659
LINCS,20,random,rand2,5,GE,0.1113398403749972
LINCS,20,random,rand2,5,Early Fusion,0.2812896934686169
LINCS,20,random,rand2,5,Late Fusion,0.2881653320417721
LINCS,20,random,rand3,5,CP,0.268721001097659
LINCS,20,random,rand3,5,GE,0.1397278591038454
LINCS,20,random,rand3,5,Early Fusion,0.2628951565103595
LINCS,20,random,rand3,5,Late Fusion,0.27894014932102246
LINCS,20,random,rand4,5,CP,0.268721001097659
LINCS,20,random,rand4,5,GE,0.14408312075894644
LINCS,20,random,rand4,5,Early Fusion,0.2777697662288244
LINCS,20,random,rand4,5,Late Fusion,0.2855708161567905
LINCS,20,random,rand5,5,CP,0.268721001097659
LINCS,20,random,rand5,5,GE,0.1489193711418862
LINCS,20,random,rand5,5,Early Fusion,0.2736886299140554
LINCS,20,random,rand5,5,Late Fusion,0.29692113156411665
LINCS,25,ranked,r0,1,CP,0.1469266921444308
LINCS,25,ranked,r0,1,GE,0.152043090452413
LINCS,25,ranked,r0,1,Early Fusion,0.16438411575711345
LINCS,25,ranked,r0,1,Late Fusion,0.1513419353516186
LINCS,25,random,rand1,1,CP,0.1469266921444308
LINCS,25,random,rand1,1,GE,0.1102194819360427
LINCS,25,random,rand1,1,Early Fusion,0.15820267678057387
LINCS,25,random,rand1,1,Late Fusion,0.1455743278359281
LINCS,25,random,rand2,1,CP,0.1469266921444308
LINCS,25,random,rand2,1,GE,0.10292616723551098
LINCS,25,random,rand2,1,Early Fusion,0.1681355809015459
LINCS,25,random,rand2,1,Late Fusion,0.1553536525586215
LINCS,25,random,rand3,1,CP,0.1469266921444308
LINCS,25,random,rand3,1,GE,0.06398756647221618
LINCS,25,random,rand3,1,Early Fusion,0.15998201455295277
LINCS,25,random,rand3,1,Late Fusion,0.14710533969065456
LINCS,25,random,rand4,1,CP,0.1469266921444308
LINCS,25,random,rand4,1,GE,0.09433162647242484
LINCS,25,random,rand4,1,Early Fusion,0.16187492359443978
LINCS,25,random,rand4,1,Late Fusion,0.15122219732435538
LINCS,25,random,rand5,1,CP,0.1469266921444308
LINCS,25,random,rand5,1,GE,0.11287252182152474
LINCS,25,random,rand5,1,Early Fusion,0.16583571236072053
LINCS,25,random,rand5,1,Late Fusion,0.14886407540259786
LINCS,25,ranked,r0,2,CP,0.14499424699491112
LINCS,25,ranked,r0,2,GE,0.13632704630212025
LINCS,25,ranked,r0,2,Early Fusion,0.16569935497380295
LINCS,25,ranked,r0,2,Late Fusion,0.1661753765299129
LINCS,25,random,rand1,2,CP,0.14499424699491112
LINCS,25,random,rand1,2,GE,0.07319530966960917
LINCS,25,random,rand1,2,Early Fusion,0.15349240493749758
LINCS,25,random,rand1,2,Late Fusion,0.15025772636907786
LINCS,25,random,rand2,2,CP,0.14499424699491112
LINCS,25,random,rand2,2,GE,0.10471791891765325
LINCS,25,random,rand2,2,Early Fusion,0.14279974322116695
LINCS,25,random,rand2,2,Late Fusion,0.14922680115266995
LINCS,25,random,rand3,2,CP,0.14499424699491112
LINCS,25,random,rand3,2,GE,0.08265701175795813
LINCS,25,random,rand3,2,Early Fusion,0.13163692785111897
LINCS,25,random,rand3,2,Late Fusion,0.13584375916507507
LINCS,25,random,rand4,2,CP,0.14499424699491112
LINCS,25,random,rand4,2,GE,0.07102411743702085
LINCS,25,random,rand4,2,Early Fusion,0.1302736299650303
LINCS,25,random,rand4,2,Late Fusion,0.1467532793260913
LINCS,25,random,rand5,2,CP,0.14499424699491112
LINCS,25,random,rand5,2,GE,0.11840919626713867
LINCS,25,random,rand5,2,Early Fusion,0.13790382657724512
LINCS,25,random,rand5,2,Late Fusion,0.1515580888094097
LINCS,25,ranked,r0,3,CP,0.2807634721556302
LINCS,25,ranked,r0,3,GE,0.3044037742744636
LINCS,25,ranked,r0,3,Early Fusion,0.32206793206793205
LINCS,25,ranked,r0,3,Late Fusion,0.31147931327154643
LINCS,25,random,rand1,3,CP,0.2807634721556302
LINCS,25,random,rand1,3,GE,0.221985317498623
LINCS,25,random,rand1,3,Early Fusion,0.2908422488618771
LINCS,25,random,rand1,3,Late Fusion,0.2904895064677673
LINCS,25,random,rand2,3,CP,0.2807634721556302
LINCS,25,random,rand2,3,GE,0.20973054992073184
LINCS,25,random,rand2,3,Early Fusion,0.2924267718027977
LINCS,25,random,rand2,3,Late Fusion,0.2857327623308678
LINCS,25,random,rand3,3,CP,0.2807634721556302
LINCS,25,random,rand3,3,GE,0.2048230316639197
LINCS,25,random,rand3,3,Early Fusion,0.3040978050232732
LINCS,25,random,rand3,3,Late Fusion,0.28980163948271753
LINCS,25,random,rand4,3,CP,0.2807634721556302
LINCS,25,random,rand4,3,GE,0.16465172593319047
LINCS,25,random,rand4,3,Early Fusion,0.2984209169096967
LINCS,25,random,rand4,3,Late Fusion,0.283415063275313
LINCS,25,random,rand5,3,CP,0.2807634721556302
LINCS,25,random,rand5,3,GE,0.19367111969455347
LINCS,25,random,rand5,3,Early Fusion,0.31382990514889275
LINCS,25,random,rand5,3,Late Fusion,0.29355074037493695
LINCS,25,ranked,r0,4,CP,0.16795134500465914
LINCS,25,ranked,r0,4,GE,0.13297944175746548
LINCS,25,ranked,r0,4,Early Fusion,0.17758394743265057
LINCS,25,ranked,r0,4,Late Fusion,0.18924224632381836
LINCS,25,random,rand1,4,CP,0.16795134500465914
LINCS,25,random,rand1,4,GE,0.0672770367008121
LINCS,25,random,rand1,4,Early Fusion,0.16412099347978312
LINCS,25,random,rand1,4,Late Fusion,0.17622341448710324
LINCS,25,random,rand2,4,CP,0.16795134500465914
LINCS,25,random,rand2,4,GE,0.10409499862937088
LINCS,25,random,rand2,4,Early Fusion,0.17797159711236893
LINCS,25,random,rand2,4,Late Fusion,0.15849648670253857
LINCS,25,random,rand3,4,CP,0.16795134500465914
LINCS,25,random,rand3,4,GE,0.08815718987446693
LINCS,25,random,rand3,4,Early Fusion,0.17730279763737272
LINCS,25,random,rand3,4,Late Fusion,0.17762079818996246
LINCS,25,random,rand4,4,CP,0.16795134500465914
LINCS,25,random,rand4,4,GE,0.07790501358246575
LINCS,25,random,rand4,4,Early Fusion,0.18146900322738893
LINCS,25,random,rand4,4,Late Fusion,0.17395216455014723
LINCS,25,random,rand5,4,CP,0.16795134500465914
LINCS,25,random,rand5,4,GE,0.08357108333507587
LINCS,25,random,rand5,4,Early Fusion,0.1668792022898651
LINCS,25,random,rand5,4,Late Fusion,0.17295283532127284
LINCS,25,ranked,r0,5,CP,0.268721001097659
LINCS,25,ranked,r0,5,GE,0.24951181116615126
LINCS,25,ranked,r0,5,Early Fusion,0.29046550618665856
LINCS,25,ranked,r0,5,Late Fusion,0.30149641294975427
LINCS,25,random,rand1,5,CP,0.268721001097659
LINCS,25,random,rand1,5,GE,0.11743910617567425
LINCS,25,random,rand1,5,Early Fusion,0.2869431235029406
LINCS,25,random,rand1,5,Late Fusion,0.27151463541066617
LINCS,25,random,rand2,5,CP,0.268721001097659
LINCS,25,random,rand2,5,GE,0.1559268587402776
LINCS,25,random,rand2,5,Early Fusion,0.2875526695336637
LINCS,25,random,rand2,5,Late Fusion,0.2933476389234875
LINCS,25,random,rand3,5,CP,0.268721001097659
LINCS,25,random,rand3,5,GE,0.13046566638184573
LINCS,25,random,rand3,5,Early Fusion,0.29296327113388976
LINCS,25,random,rand3,5,Late Fusion,0.27758691215910514
LINCS,25,random,rand4,5,CP,0.268721001097659
LINCS,25,random,rand4,5,GE,0.14415452144773758
LINCS,25,random,rand4,5,Early Fusion,0.2911083967396017
LINCS,25,random,rand4,5,Late Fusion,0.29132673343820764
LINCS,25,random,rand5,5,CP,0.268721001097659
LINCS,25,random,rand5,5,GE,0.15159929038015152
LINCS,25,random,rand5,5,Early Fusion,0.28470310055467474
LINCS,25,random,rand5,5,Late Fusion,0.27888718119683603
LINCS,30,ranked,r0,1,CP,0.1469266921444308
LINCS,30,ranked,r0,1,GE,0.16161355897380744
LINCS,30,ranked,r0,1,Early Fusion,0.1806426851200769
LINCS,30,ranked,r0,1,Late Fusion,0.15593920953188686
LINCS,30,random,rand1,1,CP,0.1469266921444308
LINCS,30,random,rand1,1,GE,0.08280791053649475
LINCS,30,random,rand1,1,Early Fusion,0.15145917205221474
LINCS,30,random,rand1,1,Late Fusion,0.14988705384775688
LINCS,30,random,rand2,1,CP,0.1469266921444308
LINCS,30,random,rand2,1,GE,0.10017604467317574
LINCS,30,random,rand2,1,Early Fusion,0.16951433861975812
LINCS,30,random,rand2,1,Late Fusion,0.15929888142701118
LINCS,30,random,rand3,1,CP,0.1469266921444308
LINCS,30,random,rand3,1,GE,0.09497059740806289
LINCS,30,random,rand3,1,Early Fusion,0.16117116199446316
LINCS,30,random,rand3,1,Late Fusion,0.14599066550707646
LINCS,30,random,rand4,1,CP,0.1469266921444308
LINCS,30,random,rand4,1,GE,0.10927978490580646
LINCS,30,random,rand4,1,Early Fusion,0.16484986262237822
LINCS,30,random,rand4,1,Late Fusion,0.14650317254261278
LINCS,30,random,rand5,1,CP,0.1469266921444308
LINCS,30,random,rand5,1,GE,0.11019352688368973
LINCS,30,random,rand5,1,Early Fusion,0.15707301990208744
LINCS,30,random,rand5,1,Late Fusion,0.15170394060554243
LINCS,30,ranked,r0,2,CP,0.14499424699491112
LINCS,30,ranked,r0,2,GE,0.15666032361344012
LINCS,30,ranked,r0,2,Early Fusion,0.17580150308856932
LINCS,30,ranked,r0,2,Late Fusion,0.16685094098733969
LINCS,30,random,rand1,2,CP,0.14499424699491112
LINCS,30,random,rand1,2,GE,0.0988884238618793
LINCS,30,random,rand1,2,Early Fusion,0.15260798460320932
LINCS,30,random,rand1,2,Late Fusion,0.15701600568674334
LINCS,30,random,rand2,2,CP,0.14499424699491112
LINCS,30,random,rand2,2,GE,0.09343637849780967
LINCS,30,random,rand2,2,Early Fusion,0.14346961122652682
LINCS,30,random,rand2,2,Late Fusion,0.14730007420295424
LINCS,30,random,rand3,2,CP,0.14499424699491112
LINCS,30,random,rand3,2,GE,0.08941041433154999
LINCS,30,random,rand3,2,Early Fusion,0.13854380651471965
LINCS,30,random,rand3,2,Late Fusion,0.14171511610495505
LINCS,30,random,rand4,2,CP,0.14499424699491112
LINCS,30,random,rand4,2,GE,0.08715779871142118
LINCS,30,random,rand4,2,Early Fusion,0.16386678516016054
LINCS,30,random,rand4,2,Late Fusion,0.15399226111062622
LINCS,30,random,rand5,2,CP,0.14499424699491112
LINCS,30,random,rand5,2,GE,0.05423305987357557
LINCS,30,random,rand5,2,Early Fusion,0.1469855147592611
LINCS,30,random,rand5,2,Late Fusion,0.14836811771940617
LINCS,30,ranked,r0,3,CP,0.2807634721556302
LINCS,30,ranked,r0,3,GE,0.30888162316768897
LINCS,30,ranked,r0,3,Early Fusion,0.3238596008458231
LINCS,30,ranked,r0,3,Late Fusion,0.30336812215041575
LINCS,30,random,rand1,3,CP,0.2807634721556302
LINCS,30,random,rand1,3,GE,0.21585450781102952
LINCS,30,random,rand1,3,Early Fusion,0.29236449277240795
LINCS,30,random,rand1,3,Late Fusion,0.2836663539400587
LINCS,30,random,rand2,3,CP,0.2807634721556302
LINCS,30,random,rand2,3,GE,0.20332072119573508
LINCS,30,random,rand2,3,Early Fusion,0.30385500392503345
LINCS,30,random,rand2,3,Late Fusion,0.28798002562034797
LINCS,30,random,rand3,3,CP,0.2807634721556302
LINCS,30,random,rand3,3,GE,0.19985740832191484
LINCS,30,random,rand3,3,Early Fusion,0.29794149162334654
LINCS,30,random,rand3,3,Late Fusion,0.29488735229312957
LINCS,30,random,rand4,3,CP,0.2807634721556302
LINCS,30,random,rand4,3,GE,0.1808674286739863
LINCS,30,random,rand4,3,Early Fusion,0.30308256075922163
LINCS,30,random,rand4,3,Late Fusion,0.2936927591834797
LINCS,30,random,rand5,3,CP,0.2807634721556302
LINCS,30,random,rand5,3,GE,0.1777035371991973
LINCS,30,random,rand5,3,Early Fusion,0.30093425295841164
LINCS,30,random,rand5,3,Late Fusion,0.2854493629342196
LINCS,30,ranked,r0,4,CP,0.16795134500465914
LINCS,30,ranked,r0,4,GE,0.1364399655248209
LINCS,30,ranked,r0,4,Early Fusion,0.18374431401558813
LINCS,30,ranked,r0,4,Late Fusion,0.18092392839448343
LINCS,30,random,rand1,4,CP,0.16795134500465914
LINCS,30,random,rand1,4,GE,0.08548452803448123
LINCS,30,random,rand1,4,Early Fusion,0.18818829799717252
LINCS,30,random,rand1,4,Late Fusion,0.1705026088883522
LINCS,30,random,rand2,4,CP,0.16795134500465914
LINCS,30,random,rand2,4,GE,0.08914690477786215
LINCS,30,random,rand2,4,Early Fusion,0.1666419256445569
LINCS,30,random,rand2,4,Late Fusion,0.1621558057948927
LINCS,30,random,rand3,4,CP,0.16795134500465914
LINCS,30,random,rand3,4,GE,0.0933171215591965
LINCS,30,random,rand3,4,Early Fusion,0.16596750858278234
LINCS,30,random,rand3,4,Late Fusion,0.16532313286417316
LINCS,30,random,rand4,4,CP,0.16795134500465914
LINCS,30,random,rand4,4,GE,0.09641999636376526
LINCS,30,random,rand4,4,Early Fusion,0.1703942866584422
LINCS,30,random,rand4,4,Late Fusion,0.1691359832930438
LINCS,30,random,rand5,4,CP,0.16795134500465914
LINCS,30,random,rand5,4,GE,0.07009882528614518
LINCS,30,random,rand5,4,Early Fusion,0.17802815718015916
LINCS,30,random,rand5,4,Late Fusion,0.17371148304145423
LINCS,30,ranked,r0,5,CP,0.268721001097659
LINCS,30,ranked,r0,5,GE,0.254101523238759
LINCS,30,ranked,r0,5,Early Fusion,0.27498860100865874
LINCS,30,ranked,r0,5,Late Fusion,0.3045768060590636
LINCS,30,random,rand1,5,CP,0.268721001097659
LINCS,30,random,rand1,5,GE,0.17003742428125143
LINCS,30,random,rand1,5,Early Fusion,0.27593673542890945
LINCS,30,random,rand1,5,Late Fusion,0.2959651346014676
LINCS,30,random,rand2,5,CP,0.268721001097659
LINCS,30,random,rand2,5,GE,0.16089937271670968
LINCS,30,random,rand2,5,Early Fusion,0.26938713181636936
LINCS,30,random,rand2,5,Late Fusion,0.28808145030106785
LINCS,30,random,rand3,5,CP,0.268721001097659
LINCS,30,random,rand3,5,GE,0.14840756856102125
LINCS,30,random,rand3,5,Early Fusion,0.2581994354189343
LINCS,30,random,rand3,5,Late Fusion,0.28301253039207525
LINCS,30,random,rand4,5,CP,0.268721001097659
LINCS,30,random,rand4,5,GE,0.17096014335172058
LINCS,30,random,rand4,5,Early Fusion,0.27448583408317817
LINCS,30,random,rand4,5,Late Fusion,0.30000873386594634
LINCS,30,random,rand5,5,CP,0.268721001097659
LINCS,30,random,rand5,5,GE,0.14030104986130673
LINCS,30,random,rand5,5,Early Fusion,0.26092622822446787
LINCS,30,random,rand5,5,Late Fusion,0.2814861825948571
LINCS,50,ranked,r0,1,CP,0.1469266921444308
LINCS,50,ranked,r0,1,GE,0.15969536694783312
LINCS,50,ranked,r0,1,Early Fusion,0.1725504209567629
LINCS,50,ranked,r0,1,Late Fusion,0.14863352548366426
LINCS,50,random,rand1,1,CP,0.1469266921444308
LINCS,50,random,rand1,1,GE,0.11954581481881785
LINCS,50,random,rand1,1,Early Fusion,0.15339769225083155
LINCS,50,random,rand1,1,Late Fusion,0.14968086866206454
LINCS,50,random,rand2,1,CP,0.1469266921444308
LINCS,50,random,rand2,1,GE,0.0926080716124056
LINCS,50,random,rand2,1,Early Fusion,0.15175127351492518
LINCS,50,random,rand2,1,Late Fusion,0.1506151073421184
LINCS,50,random,rand3,1,CP,0.1469266921444308
LINCS,50,random,rand3,1,GE,0.1236758144325977
LINCS,50,random,rand3,1,Early Fusion,0.15747649146466855
LINCS,50,random,rand3,1,Late Fusion,0.15668092768111247
LINCS,50,random,rand4,1,CP,0.1469266921444308
LINCS,50,random,rand4,1,GE,0.12103356517395697
LINCS,50,random,rand4,1,Early Fusion,0.15266116575154765
LINCS,50,random,rand4,1,Late Fusion,0.16505812785101437
LINCS,50,random,rand5,1,CP,0.1469266921444308
LINCS,50,random,rand5,1,GE,0.11754839543228209
LINCS,50,random,rand5,1,Early Fusion,0.15084060124554066
LINCS,50,random,rand5,1,Late Fusion,0.15914512357826455
LINCS,50,ranked,r0,2,CP,0.14499424699491112
LINCS,50,ranked,r0,2,GE,0.16143374448133743
LINCS,50,ranked,r0,2,Early Fusion,0.16401448767379365
LINCS,50,ranked,r0,2,Late Fusion,0.16748004197707872
LINCS,50,random,rand1,2,CP,0.14499424699491112
LINCS,50,random,rand1,2,GE,0.11767152641034219
LINCS,50,random,rand1,2,Early Fusion,0.15974857878574786
LINCS,50,random,rand1,2,Late Fusion,0.1659329644487169
LINCS,50,random,rand2,2,CP,0.14499424699491112
LINCS,50,random,rand2,2,GE,0.11227396092620745
LINCS,50,random,rand2,2,Early Fusion,0.15815300091994333
LINCS,50,random,rand2,2,Late Fusion,0.15847179500947717
LINCS,50,random,rand3,2,CP,0.14499424699491112
LINCS,50,random,rand3,2,GE,0.1195300417179428
LINCS,50,random,rand3,2,Early Fusion,0.14174119895557283
LINCS,50,random,rand3,2,Late Fusion,0.15950294069477192
LINCS,50,random,rand4,2,CP,0.14499424699491112
LINCS,50,random,rand4,2,GE,0.1254709420861863
LINCS,50,random,rand4,2,Early Fusion,0.16222748924475638
LINCS,50,random,rand4,2,Late Fusion,0.16292851320469237
LINCS,50,random,rand5,2,CP,0.14499424699491112
LINCS,50,random,rand5,2,GE,0.12727859181682744
LINCS,50,random,rand5,2,Early Fusion,0.15784535764127985
LINCS,50,random,rand5,2,Late Fusion,0.15398895904782758
LINCS,50,ranked,r0,3,CP,0.2807634721556302
LINCS,50,ranked,r0,3,GE,0.3061542249948047
LINCS,50,ranked,r0,3,Early Fusion,0.32450864017104425
LINCS,50,ranked,r0,3,Late Fusion,0.31267024102264374
LINCS,50,random,rand1,3,CP,0.2807634721556302
LINCS,50,random,rand1,3,GE,0.21241481902563128
LINCS,50,random,rand1,3,Early Fusion,0.2943304274995142
LINCS,50,random,rand1,3,Late Fusion,0.29502701388829483
LINCS,50,random,rand2,3,CP,0.2807634721556302
LINCS,50,random,rand2,3,GE,0.22619636755373765
LINCS,50,random,rand2,3,Early Fusion,0.3095715957089976
LINCS,50,random,rand2,3,Late Fusion,0.30324619536285957
LINCS,50,random,rand3,3,CP,0.2807634721556302
LINCS,50,random,rand3,3,GE,0.24026811623131655
LINCS,50,random,rand3,3,Early Fusion,0.3151533531770116
LINCS,50,random,rand3,3,Late Fusion,0.30877048945864116
LINCS,50,random,rand4,3,CP,0.2807634721556302
LINCS,50,random,rand4,3,GE,0.25066916986165655
LINCS,50,random,rand4,3,Early Fusion,0.3184296187933461
LINCS,50,random,rand4,3,Late Fusion,0.318761223454879
LINCS,50,random,rand5,3,CP,0.2807634721556302
LINCS,50,random,rand5,3,GE,0.23062276763649758
LINCS,50,random,rand5,3,Early Fusion,0.3040027356749532
LINCS,50,random,rand5,3,Late Fusion,0.299043770954924
LINCS,50,ranked,r0,4,CP,0.16795134500465914
LINCS,50,ranked,r0,4,GE,0.13962132211690959
LINCS,50,ranked,r0,4,Early Fusion,0.17177286837706246
LINCS,50,ranked,r0,4,Late Fusion,0.18196844028581502
LINCS,50,random,rand1,4,CP,0.16795134500465914
LINCS,50,random,rand1,4,GE,0.10987456639671218
LINCS,50,random,rand1,4,Early Fusion,0.17431583526189792
LINCS,50,random,rand1,4,Late Fusion,0.17137429893193581
LINCS,50,random,rand2,4,CP,0.16795134500465914
LINCS,50,random,rand2,4,GE,0.10932438676607246
LINCS,50,random,rand2,4,Early Fusion,0.17422723028788958
LINCS,50,random,rand2,4,Late Fusion,0.17916904181313403
LINCS,50,random,rand3,4,CP,0.16795134500465914
LINCS,50,random,rand3,4,GE,0.1043404068946728
LINCS,50,random,rand3,4,Early Fusion,0.16511268519958444
LINCS,50,random,rand3,4,Late Fusion,0.1734516927291126
LINCS,50,random,rand4,4,CP,0.16795134500465914
LINCS,50,random,rand4,4,GE,0.08425553087360173
LINCS,50,random,rand4,4,Early Fusion,0.16716063503654618
LINCS,50,random,rand4,4,Late Fusion,0.17504505707887635
LINCS,50,random,rand5,4,CP,0.16795134500465914
LINCS,50,random,rand5,4,GE,0.09047471816640505
LINCS,50,random,rand5,4,Early Fusion,0.1693649029108429
LINCS,50,random,rand5,4,Late Fusion,0.17401709843289848
LINCS,50,ranked,r0,5,CP,0.268721001097659
LINCS,50,ranked,r0,5,GE,0.26353274992269154
LINCS,50,ranked,r0,5,Early Fusion,0.3040246590898702
LINCS,50,ranked,r0,5,Late Fusion,0.3039804973866123
LINCS,50,random,rand1,5,CP,0.268721001097659
LINCS,50,random,rand1,5,GE,0.2054231967610926
LINCS,50,random,rand1,5,Early Fusion,0.2836766864406569
LINCS,50,random,rand1,5,Late Fusion,0.2895353727418571
LINCS,50,random,rand2,5,CP,0.268721001097659
LINCS,50,random,rand2,5,GE,0.21669578334232117
LINCS,50,random,rand2,5,Early Fusion,0.2913999379169658
LINCS,50,random,rand2,5,Late Fusion,0.2952901507126716
LINCS,50,random,rand3,5,CP,0.268721001097659
LINCS,50,random,rand3,5,GE,0.21661979648967442
LINCS,50,random,rand3,5,Early Fusion,0.2882046424998958
LINCS,50,random,rand3,5,Late Fusion,0.29034186738495765
LINCS,50,random,rand4,5,CP,0.268721001097659
LINCS,50,random,rand4,5,GE,0.21072475714182637
LINCS,50,random,rand4,5,Early Fusion,0.2742258903478947
LINCS,50,random,rand4,5,Late Fusion,0.2997041437585367
LINCS,50,random,rand5,5,CP,0.268721001097659
LINCS,50,random,rand5,5,GE,0.17963144622500704
LINCS,50,random,rand5,5,Early Fusion,0.2784092596346935
LINCS,50,random,rand5,5,Late Fusion,0.28446744561396214
LINCS,75,ranked,r0,1,CP,0.1469266921444308
LINCS,75,ranked,r0,1,GE,0.14633013720368127
LINCS,75,ranked,r0,1,Early Fusion,0.1768304879025916
LINCS,75,ranked,r0,1,Late Fusion,0.15779469447947778
LINCS,75,random,rand1,1,CP,0.1469266921444308
LINCS,75,random,rand1,1,GE,0.126920677004326
LINCS,75,random,rand1,1,Early Fusion,0.16647330627815868
LINCS,75,random,rand1,1,Late Fusion,0.1589909585213535
LINCS,75,random,rand2,1,CP,0.1469266921444308
LINCS,75,random,rand2,1,GE,0.16611049186405416
LINCS,75,random,rand2,1,Early Fusion,0.18348536224511605
LINCS,75,random,rand2,1,Late Fusion,0.16200919033447925
LINCS,75,random,rand3,1,CP,0.1469266921444308
LINCS,75,random,rand3,1,GE,0.12405000832591546
LINCS,75,random,rand3,1,Early Fusion,0.16722044799848002
LINCS,75,random,rand3,1,Late Fusion,0.15037310480214622
LINCS,75,random,rand4,1,CP,0.1469266921444308
LINCS,75,random,rand4,1,GE,0.1333974449599886
LINCS,75,random,rand4,1,Early Fusion,0.16837605175455408
LINCS,75,random,rand4,1,Late Fusion,0.15461004359585878
LINCS,75,random,rand5,1,CP,0.1469266921444308
LINCS,75,random,rand5,1,GE,0.1293416697782792
LINCS,75,random,rand5,1,Early Fusion,0.16842409524658622
LINCS,75,random,rand5,1,Late Fusion,0.15937843325328915
LINCS,75,ranked,r0,2,CP,0.14499424699491112
LINCS,75,ranked,r0,2,GE,0.17738946407025616
LINCS,75,ranked,r0,2,Early Fusion,0.19341212221836496
LINCS,75,ranked,r0,2,Late Fusion,0.17500864734205765
LINCS,75,random,rand1,2,CP,0.14499424699491112
LINCS,75,random,rand1,2,GE,0.12041691221501948
LINCS,75,random,rand1,2,Early Fusion,0.1628971099002645
LINCS,75,random,rand1,2,Late Fusion,0.15898353265882595
LINCS,75,random,rand2,2,CP,0.14499424699491112
LINCS,75,random,rand2,2,GE,0.1349440055258988
LINCS,75,random,rand2,2,Early Fusion,0.18295996366946046
LINCS,75,random,rand2,2,Late Fusion,0.1732453869402047
LINCS,75,random,rand3,2,CP,0.14499424699491112
LINCS,75,random,rand3,2,GE,0.0977850160863656
LINCS,75,random,rand3,2,Early Fusion,0.1531591340358881
LINCS,75,random,rand3,2,Late Fusion,0.14785781897072672
LINCS,75,random,rand4,2,CP,0.14499424699491112
LINCS,75,random,rand4,2,GE,0.12879362795027527
LINCS,75,random,rand4,2,Early Fusion,0.16377806800353703
LINCS,75,random,rand4,2,Late Fusion,0.16995647862093927
LINCS,75,random,rand5,2,CP,0.14499424699491112
LINCS,75,random,rand5,2,GE,0.10506630184140904
LINCS,75,random,rand5,2,Early Fusion,0.16571252928720037
LINCS,75,random,rand5,2,Late Fusion,0.16185205988875254
LINCS,75,ranked,r0,3,CP,0.2807634721556302
LINCS,75,ranked,r0,3,GE,0.2937858365394597
LINCS,75,ranked,r0,3,Early Fusion,0.34019293749728535
LINCS,75,ranked,r0,3,Late Fusion,0.32096782230577414
LINCS,75,random,rand1,3,CP,0.2807634721556302
LINCS,75,random,rand1,3,GE,0.23563697191603275
LINCS,75,random,rand1,3,Early Fusion,0.30686749603498775
LINCS,75,random,rand1,3,Late Fusion,0.2975815769337914
LINCS,75,random,rand2,3,CP,0.2807634721556302
LINCS,75,random,rand2,3,GE,0.2656115149560178
LINCS,75,random,rand2,3,Early Fusion,0.3100388897831353
LINCS,75,random,rand2,3,Late Fusion,0.3061102783022872
LINCS,75,random,rand3,3,CP,0.2807634721556302
LINCS,75,random,rand3,3,GE,0.23345492618651403
LINCS,75,random,rand3,3,Early Fusion,0.3111925310901909
LINCS,75,random,rand3,3,Late Fusion,0.3067637929507166
LINCS,75,random,rand4,3,CP,0.2807634721556302
LINCS,75,random,rand4,3,GE,0.24285403437734115
LINCS,75,random,rand4,3,Early Fusion,0.30199599335438965
LINCS,75,random,rand4,3,Late Fusion,0.3001245755317202
LINCS,75,random,rand5,3,CP,0.2807634721556302
LINCS,75,random,rand5,3,GE,0.24102622105085
LINCS,75,random,rand5,3,Early Fusion,0.3002410046162642
LINCS,75,random,rand5,3,Late Fusion,0.30738945566255693
LINCS,75,ranked,r0,4,CP,0.16795134500465914
LINCS,75,ranked,r0,4,GE,0.15225050214353844
LINCS,75,ranked,r0,4,Early Fusion,0.17694093656955048
LINCS,75,ranked,r0,4,Late Fusion,0.1871115181910781
LINCS,75,random,rand1,4,CP,0.16795134500465914
LINCS,75,random,rand1,4,GE,0.1146174275518232
LINCS,75,random,rand1,4,Early Fusion,0.16961452332489796
LINCS,75,random,rand1,4,Late Fusion,0.17255684667746032
LINCS,75,random,rand2,4,CP,0.16795134500465914
LINCS,75,random,rand2,4,GE,0.12025778211840078
LINCS,75,random,rand2,4,Early Fusion,0.18146753129157062
LINCS,75,random,rand2,4,Late Fusion,0.17023372550405505
LINCS,75,random,rand3,4,CP,0.16795134500465914
LINCS,75,random,rand3,4,GE,0.1057612566936181
LINCS,75,random,rand3,4,Early Fusion,0.16835962529568452
LINCS,75,random,rand3,4,Late Fusion,0.17915871431214858
LINCS,75,random,rand4,4,CP,0.16795134500465914
LINCS,75,random,rand4,4,GE,0.13732318297830506
LINCS,75,random,rand4,4,Early Fusion,0.17471468458200298
LINCS,75,random,rand4,4,Late Fusion,0.17685385898716569
LINCS,75,random,rand5,4,CP,0.16795134500465914
LINCS,75,random,rand5,4,GE,0.11053643428784389
LINCS,75,random,rand5,4,Early Fusion,0.18176163670579212
LINCS,75,random,rand5,4,Late Fusion,0.17505160145650056
LINCS,75,ranked,r0,5,CP,0.268721001097659
LINCS,75,ranked,r0,5,GE,0.26787469154938615
LINCS,75,ranked,r0,5,Early Fusion,0.2857654757256169
LINCS,75,ranked,r0,5,Late Fusion,0.30772271059619977
LINCS,75,random,rand1,5,CP,0.268721001097659
LINCS,75,random,rand1,5,GE,0.19745169907479276
LINCS,75,random,rand1,5,Early Fusion,0.27820069549179194
LINCS,75,random,rand1,5,Late Fusion,0.3058475009298745
LINCS,75,random,rand2,5,CP,0.268721001097659
LINCS,75,random,rand2,5,GE,0.20261620315369888
LINCS,75,random,rand2,5,Early Fusion,0.28869714675480856
LINCS,75,random,rand2,5,Late Fusion,0.3014604529384922
LINCS,75,random,rand3,5,CP,0.268721001097659
LINCS,75,random,rand3,5,GE,0.18807393775187656
LINCS,75,random,rand3,5,Early Fusion,0.26996736378810515
LINCS,75,random,rand3,5,Late Fusion,0.2905824257922744
LINCS,75,random,rand4,5,CP,0.268721001097659
LINCS,75,random,rand4,5,GE,0.2191277758772886
LINCS,75,random,rand4,5,Early Fusion,0.286466831578996
LINCS,75,random,rand4,5,Late Fusion,0.29489718886544924
LINCS,75,random,rand5,5,CP,0.268721001097659
LINCS,75,random,rand5,5,GE,0.17865192287054815
LINCS,75,random,rand5,5,Early Fusion,0.2750774439469183
LINCS,75,random,rand5,5,Late Fusion,0.2827562166150328
LINCS,100,ranked,r0,1,CP,0.1469266921444308
LINCS,100,ranked,r0,1,GE,0.1464748883252839
LINCS,100,ranked,r0,1,Early Fusion,0.17000129535797742
LINCS,100,ranked,r0,1,Late Fusion,0.15712160839589315
LINCS,100,random,rand1,1,CP,0.1469266921444308
LINCS,100,random,rand1,1,GE,0.15740824003313875
LINCS,100,random,rand1,1,Early Fusion,0.16630978494936594
LINCS,100,random,rand1,1,Late Fusion,0.1605647546718087
LINCS,100,random,rand2,1,CP,0.1469266921444308
LINCS,100,random,rand2,1,GE,0.13832321347849297
LINCS,100,random,rand2,1,Early Fusion,0.16339815114508877
LINCS,100,random,rand2,1,Late Fusion,0.15927920642937082
LINCS,100,random,rand3,1,CP,0.1469266921444308
LINCS,100,random,rand3,1,GE,0.13622203478401157
LINCS,100,random,rand3,1,Early Fusion,0.1529734581730474
LINCS,100,random,rand3,1,Late Fusion,0.15921627749327413
LINCS,100,random,rand4,1,CP,0.1469266921444308
LINCS,100,random,rand4,1,GE,0.14347071398111094
LINCS,100,random,rand4,1,Early Fusion,0.1714615180112572
LINCS,100,random,rand4,1,Late Fusion,0.1584768366360816
LINCS,100,random,rand5,1,CP,0.1469266921444308
LINCS,100,random,rand5,1,GE,0.14950696203023617
LINCS,100,random,rand5,1,Early Fusion,0.16716988629582616
LINCS,100,random,rand5,1,Late Fusion,0.1729719371337476
LINCS,100,ranked,r0,2,CP,0.14499424699491112
LINCS,100,ranked,r0,2,GE,0.1585903972524867
LINCS,100,ranked,r0,2,Early Fusion,0.1974778201118895
LINCS,100,ranked,r0,2,Late Fusion,0.1717185420840089
LINCS,100,random,rand1,2,CP,0.14499424699491112
LINCS,100,random,rand1,2,GE,0.13595014638142416
LINCS,100,random,rand1,2,Early Fusion,0.14881977468728258
LINCS,100,random,rand1,2,Late Fusion,0.16368792197586593
LINCS,100,random,rand2,2,CP,0.14499424699491112
LINCS,100,random,rand2,2,GE,0.12205854351135675
LINCS,100,random,rand2,2,Early Fusion,0.17706979072919793
LINCS,100,random,rand2,2,Late Fusion,0.1638637486806462
LINCS,100,random,rand3,2,CP,0.14499424699491112
LINCS,100,random,rand3,2,GE,0.11939813489669478
LINCS,100,random,rand3,2,Early Fusion,0.16006050444137726
LINCS,100,random,rand3,2,Late Fusion,0.16485827526836988
LINCS,100,random,rand4,2,CP,0.14499424699491112
LINCS,100,random,rand4,2,GE,0.1072768801475426
LINCS,100,random,rand4,2,Early Fusion,0.17220305153874382
LINCS,100,random,rand4,2,Late Fusion,0.16333921872942583
LINCS,100,random,rand5,2,CP,0.14499424699491112
LINCS,100,random,rand5,2,GE,0.10079432312402857
LINCS,100,random,rand5,2,Early Fusion,0.16152314219459166
LINCS,100,random,rand5,2,Late Fusion,0.15526102473091913
LINCS,100,ranked,r0,3,CP,0.2807634721556302
LINCS,100,ranked,r0,3,GE,0.3019245886747277
LINCS,100,ranked,r0,3,Early Fusion,0.32352177172129726
LINCS,100,ranked,r0,3,Late Fusion,0.33042350789684666
LINCS,100,random,rand1,3,CP,0.2807634721556302
LINCS,100,random,rand1,3,GE,0.26774168866422166
LINCS,100,random,rand1,3,Early Fusion,0.3162816902107719
LINCS,100,random,rand1,3,Late Fusion,0.31137615490884546
LINCS,100,random,rand2,3,CP,0.2807634721556302
LINCS,100,random,rand2,3,GE,0.23981784148159166
LINCS,100,random,rand2,3,Early Fusion,0.3028608102578029
LINCS,100,random,rand2,3,Late Fusion,0.2972048036469569
LINCS,100,random,rand3,3,CP,0.2807634721556302
LINCS,100,random,rand3,3,GE,0.2607750709023099
LINCS,100,random,rand3,3,Early Fusion,0.28485219163509057
LINCS,100,random,rand3,3,Late Fusion,0.3024468442710408
LINCS,100,random,rand4,3,CP,0.2807634721556302
LINCS,100,random,rand4,3,GE,0.2623383210705958
LINCS,100,random,rand4,3,Early Fusion,0.29965114579981333
LINCS,100,random,rand4,3,Late Fusion,0.3066965934829219
LINCS,100,random,rand5,3,CP,0.2807634721556302
LINCS,100,random,rand5,3,GE,0.25960488401887266
LINCS,100,random,rand5,3,Early Fusion,0.3095241048584377
LINCS,100,random,rand5,3,Late Fusion,0.3176769617809392
LINCS,100,ranked,r0,4,CP,0.16795134500465914
LINCS,100,ranked,r0,4,GE,0.1370322077703318
LINCS,100,ranked,r0,4,Early Fusion,0.19389775330844447
LINCS,100,ranked,r0,4,Late Fusion,0.18509188485018177
LINCS,100,random,rand1,4,CP,0.16795134500465914
LINCS,100,random,rand1,4,GE,0.10757657833344167
LINCS,100,random,rand1,4,Early Fusion,0.1816359590682441
LINCS,100,random,rand1,4,Late Fusion,0.1728985675186026
LINCS,100,random,rand2,4,CP,0.16795134500465914
LINCS,100,random,rand2,4,GE,0.10510782515783362
LINCS,100,random,rand2,4,Early Fusion,0.18580967749881017
LINCS,100,random,rand2,4,Late Fusion,0.17855360431008843
LINCS,100,random,rand3,4,CP,0.16795134500465914
LINCS,100,random,rand3,4,GE,0.11197510249705238
LINCS,100,random,rand3,4,Early Fusion,0.18503198896896028
LINCS,100,random,rand3,4,Late Fusion,0.1737464796768445
LINCS,100,random,rand4,4,CP,0.16795134500465914
LINCS,100,random,rand4,4,GE,0.11793328441670498
LINCS,100,random,rand4,4,Early Fusion,0.17921193113161132
LINCS,100,random,rand4,4,Late Fusion,0.1788301875837899
LINCS,100,random,rand5,4,CP,0.16795134500465914
LINCS,100,random,rand5,4,GE,0.1137909193422617
LINCS,100,random,rand5,4,Early Fusion,0.17935557542616667
LINCS,100,random,rand5,4,Late Fusion,0.17246197757399337
LINCS,100,ranked,r0,5,CP,0.268721001097659
LINCS,100,ranked,r0,5,GE,0.26817001585520106
LINCS,100,ranked,r0,5,Early Fusion,0.2957912180413457
LINCS,100,ranked,r0,5,Late Fusion,0.30540892779222084
LINCS,100,random,rand1,5,CP,0.268721001097659
LINCS,100,random,rand1,5,GE,0.24543304345924127
LINCS,100,random,rand1,5,Early Fusion,0.27854446835412316
LINCS,100,random,rand1,5,Late Fusion,0.30542470726164195
LINCS,100,random,rand2,5,CP,0.268721001097659
LINCS,100,random,rand2,5,GE,0.23382341841377502
LINCS,100,random,rand2,5,Early Fusion,0.2900979637456246
LINCS,100,random,rand2,5,Late Fusion,0.2922902875211382
LINCS,100,random,rand3,5,CP,0.268721001097659
LINCS,100,random,rand3,5,GE,0.22787344558444303
LINCS,100,random,rand3,5,Early Fusion,0.2752625057723609
LINCS,100,random,rand3,5,Late Fusion,0.30211186477293556
LINCS,100,random,rand4,5,CP,0.268721001097659
LINCS,100,random,rand4,5,GE,0.23358988969670086
LINCS,100,random,rand4,5,Early Fusion,0.29354730319613215
LINCS,100,random,rand4,5,Late Fusion,0.3046394179453278
LINCS,100,random,rand5,5,CP,0.268721001097659
LINCS,100,random,rand5,5,GE,0.23823247125262376
LINCS,100,random,rand5,5,Early Fusion,0.2832367216017314
LINCS,100,random,rand5,5,Late Fusion,0.30141528425459113
LINCS,150,ranked,r0,1,CP,0.1469266921444308
LINCS,150,ranked,r0,1,GE,0.15445142070022097
LINCS,150,ranked,r0,1,Early Fusion,0.16750211111539762
LINCS,150,ranked,r0,1,Late Fusion,0.1592270231547017
LINCS,150,random,rand1,1,CP,0.1469266921444308
LINCS,150,random,rand1,1,GE,0.14355909030278777
LINCS,150,random,rand1,1,Early Fusion,0.15802025112044016
LINCS,150,random,rand1,1,Late Fusion,0.15428991156835306
LINCS,150,random,rand2,1,CP,0.1469266921444308
LINCS,150,random,rand2,1,GE,0.1365394642705567
LINCS,150,random,rand2,1,Early Fusion,0.16370006729850098
LINCS,150,random,rand2,1,Late Fusion,0.16066220028151074
LINCS,150,random,rand3,1,CP,0.1469266921444308
LINCS,150,random,rand3,1,GE,0.1550780861121443
LINCS,150,random,rand3,1,Early Fusion,0.1687390961425528
LINCS,150,random,rand3,1,Late Fusion,0.15824734405646748
LINCS,150,random,rand4,1,CP,0.1469266921444308
LINCS,150,random,rand4,1,GE,0.15136408029624057
LINCS,150,random,rand4,1,Early Fusion,0.16026586558623174
LINCS,150,random,rand4,1,Late Fusion,0.16353778649399728
LINCS,150,random,rand5,1,CP,0.1469266921444308
LINCS,150,random,rand5,1,GE,0.151527778657986
LINCS,150,random,rand5,1,Early Fusion,0.18306671081270626
LINCS,150,random,rand5,1,Late Fusion,0.15026684920969632
LINCS,150,ranked,r0,2,CP,0.14499424699491112
LINCS,150,ranked,r0,2,GE,0.1691027773971318
LINCS,150,ranked,r0,2,Early Fusion,0.2025909307626493
LINCS,150,ranked,r0,2,Late Fusion,0.18006594620749913
LINCS,150,random,rand1,2,CP,0.14499424699491112
LINCS,150,random,rand1,2,GE,0.13568911581872764
LINCS,150,random,rand1,2,Early Fusion,0.18349162554597537
LINCS,150,random,rand1,2,Late Fusion,0.1572330427952504
LINCS,150,random,rand2,2,CP,0.14499424699491112
LINCS,150,random,rand2,2,GE,0.13765670748901698
LINCS,150,random,rand2,2,Early Fusion,0.18616899733672693
LINCS,150,random,rand2,2,Late Fusion,0.15878493295798388
LINCS,150,random,rand3,2,CP,0.14499424699491112
LINCS,150,random,rand3,2,GE,0.15613093531074604
LINCS,150,random,rand3,2,Early Fusion,0.16741733094879366
LINCS,150,random,rand3,2,Late Fusion,0.16203988732433613
LINCS,150,random,rand4,2,CP,0.14499424699491112
LINCS,150,random,rand4,2,GE,0.11344586013355729
LINCS,150,random,rand4,2,Early Fusion,0.19228631324831985
LINCS,150,random,rand4,2,Late Fusion,0.15389292735335802
LINCS,150,random,rand5,2,CP,0.14499424699491112
LINCS,150,random,rand5,2,GE,0.1379573108279733
LINCS,150,random,rand5,2,Early Fusion,0.1826490054442324
LINCS,150,random,rand5,2,Late Fusion,0.15731524413879308
LINCS,150,ranked,r0,3,CP,0.2807634721556302
LINCS,150,ranked,r0,3,GE,0.32177112273257263
LINCS,150,ranked,r0,3,Early Fusion,0.323917835065717
LINCS,150,ranked,r0,3,Late Fusion,0.3403544503800258
LINCS,150,random,rand1,3,CP,0.2807634721556302
LINCS,150,random,rand1,3,GE,0.26859610965215663
LINCS,150,random,rand1,3,Early Fusion,0.3092998456017041
LINCS,150,random,rand1,3,Late Fusion,0.3251433414677921
LINCS,150,random,rand2,3,CP,0.2807634721556302
LINCS,150,random,rand2,3,GE,0.2922930777672547
LINCS,150,random,rand2,3,Early Fusion,0.3158097497780692
LINCS,150,random,rand2,3,Late Fusion,0.3174014141671489
LINCS,150,random,rand3,3,CP,0.2807634721556302
LINCS,150,random,rand3,3,GE,0.2773327534582296
LINCS,150,random,rand3,3,Early Fusion,0.3198749080952832
LINCS,150,random,rand3,3,Late Fusion,0.3232911696603535
LINCS,150,random,rand4,3,CP,0.2807634721556302
LINCS,150,random,rand4,3,GE,0.25009453503737106
LINCS,150,random,rand4,3,Early Fusion,0.31121408114576776
LINCS,150,random,rand4,3,Late Fusion,0.3118651822999649
LINCS,150,random,rand5,3,CP,0.2807634721556302
LINCS,150,random,rand5,3,GE,0.2989163244995329
LINCS,150,random,rand5,3,Early Fusion,0.3247585989946543
LINCS,150,random,rand5,3,Late Fusion,0.3112828942826827
LINCS,150,ranked,r0,4,CP,0.16795134500465914
LINCS,150,ranked,r0,4,GE,0.1524880599552906
LINCS,150,ranked,r0,4,Early Fusion,0.17386934516722508
LINCS,150,ranked,r0,4,Late Fusion,0.1804166181160718
LINCS,150,random,rand1,4,CP,0.16795134500465914
LINCS,150,random,rand1,4,GE,0.14466387680904416
LINCS,150,random,rand1,4,Early Fusion,0.17991538814122193
LINCS,150,random,rand1,4,Late Fusion,0.17816624765092837
LINCS,150,random,rand2,4,CP,0.16795134500465914
LINCS,150,random,rand2,4,GE,0.1371476642624295
LINCS,150,random,rand2,4,Early Fusion,0.17327794229529417
LINCS,150,random,rand2,4,Late Fusion,0.17890061583990913
LINCS,150,random,rand3,4,CP,0.16795134500465914
LINCS,150,random,rand3,4,GE,0.12336862251760371
LINCS,150,random,rand3,4,Early Fusion,0.1726908718727999
LINCS,150,random,rand3,4,Late Fusion,0.16350478292120943
LINCS,150,random,rand4,4,CP,0.16795134500465914
LINCS,150,random,rand4,4,GE,0.13430486139026995
LINCS,150,random,rand4,4,Early Fusion,0.17447803916764712
LINCS,150,random,rand4,4,Late Fusion,0.16308741823871506
LINCS,150,random,rand5,4,CP,0.16795134500465914
LINCS,150,random,rand5,4,GE,0.1351572342414369
LINCS,150,random,rand5,4,Early Fusion,0.17690145099438093
LINCS,150,random,rand5,4,Late Fusion,0.18399178365999236
LINCS,150,ranked,r0,5,CP,0.268721001097659
LINCS,150,ranked,r0,5,GE,0.25453834682405707
LINCS,150,ranked,r0,5,Early Fusion,0.29283884445185965
LINCS,150,ranked,r0,5,Late Fusion,0.29239932321413215
LINCS,150,random,rand1,5,CP,0.268721001097659
LINCS,150,random,rand1,5,GE,0.214242179516697
LINCS,150,random,rand1,5,Early Fusion,0.2902405705080063
LINCS,150,random,rand1,5,Late Fusion,0.3024656713469614
LINCS,150,random,rand2,5,CP,0.268721001097659
LINCS,150,random,rand2,5,GE,0.22297892696181687
LINCS,150,random,rand2,5,Early Fusion,0.2958395315197213
LINCS,150,random,rand2,5,Late Fusion,0.2964842373575507
LINCS,150,random,rand3,5,CP,0.268721001097659
LINCS,150,random,rand3,5,GE,0.2331430651520091
LINCS,150,random,rand3,5,Early Fusion,0.292287669933821
LINCS,150,random,rand3,5,Late Fusion,0.29738723944089335
LINCS,150,random,rand4,5,CP,0.268721001097659
LINCS,150,random,rand4,5,GE,0.23138609888124423
LINCS,150,random,rand4,5,Early Fusion,0.28763338816161665
LINCS,150,random,rand4,5,Late Fusion,0.2893138992261799
LINCS,150,random,rand5,5,CP,0.268721001097659
LINCS,150,random,rand5,5,GE,0.24284472467464677
LINCS,150,random,rand5,5,Early Fusion,0.3005927183658605
LINCS,150,random,rand5,5,Late Fusion,0.3085815446889679
LINCS,200,ranked,r0,1,CP,0.1469266921444308
LINCS,200,ranked,r0,1,GE,0.17121560120281348
LINCS,200,ranked,r0,1,Early Fusion,0.18214520900671533
LINCS,200,ranked,r0,1,Late Fusion,0.16711797321322985
LINCS,200,random,rand1,1,CP,0.1469266921444308
LINCS,200,random,rand1,1,GE,0.14672092191706443
LINCS,200,random,rand1,1,Early Fusion,0.17209745218160366
LINCS,200,random,rand1,1,Late Fusion,0.15215051947721214
LINCS,200,random,rand2,1,CP,0.1469266921444308
LINCS,200,random,rand2,1,GE,0.1407272652220736
LINCS,200,random,rand2,1,Early Fusion,0.1728750985728763
LINCS,200,random,rand2,1,Late Fusion,0.16309950801886283
LINCS,200,random,rand3,1,CP,0.1469266921444308
LINCS,200,random,rand3,1,GE,0.154527814999911
LINCS,200,random,rand3,1,Early Fusion,0.1734355832268587
LINCS,200,random,rand3,1,Late Fusion,0.15738531221093552
LINCS,200,random,rand4,1,CP,0.1469266921444308
LINCS,200,random,rand4,1,GE,0.13661160202528214
LINCS,200,random,rand4,1,Early Fusion,0.17330033290740826
LINCS,200,random,rand4,1,Late Fusion,0.16599760554202575
LINCS,200,random,rand5,1,CP,0.1469266921444308
LINCS,200,random,rand5,1,GE,0.1478692662835885
LINCS,200,random,rand5,1,Early Fusion,0.16630705047616356
LINCS,200,random,rand5,1,Late Fusion,0.15855000108677778
LINCS,200,ranked,r0,2,CP,0.14499424699491112
LINCS,200,ranked,r0,2,GE,0.1662940169007491
LINCS,200,ranked,r0,2,Early Fusion,0.21281236920128418
LINCS,200,ranked,r0,2,Late Fusion,0.17444457353677892
LINCS,200,random,rand1,2,CP,0.14499424699491112
LINCS,200,random,rand1,2,GE,0.1401742844795898
LINCS,200,random,rand1,2,Early Fusion,0.19081026100285606
LINCS,200,random,rand1,2,Late Fusion,0.16593510350774177
LINCS,200,random,rand2,2,CP,0.14499424699491112
LINCS,200,random,rand2,2,GE,0.16589300022743347
LINCS,200,random,rand2,2,Early Fusion,0.18229541709327138
LINCS,200,random,rand2,2,Late Fusion,0.16624896802419487
LINCS,200,random,rand3,2,CP,0.14499424699491112
LINCS,200,random,rand3,2,GE,0.13368190694689117
LINCS,200,random,rand3,2,Early Fusion,0.15731103561088616
LINCS,200,random,rand3,2,Late Fusion,0.14713686132442969
LINCS,200,random,rand4,2,CP,0.14499424699491112
LINCS,200,random,rand4,2,GE,0.14537188480935725
LINCS,200,random,rand4,2,Early Fusion,0.15188326837355026
LINCS,200,random,rand4,2,Late Fusion,0.16126457823340204
LINCS,200,random,rand5,2,CP,0.14499424699491112
LINCS,200,random,rand5,2,GE,0.14571797749306736
LINCS,200,random,rand5,2,Early Fusion,0.17343785889859273
LINCS,200,random,rand5,2,Late Fusion,0.15159534692989782
LINCS,200,ranked,r0,3,CP,0.2807634721556302
LINCS,200,ranked,r0,3,GE,0.302959174431333
LINCS,200,ranked,r0,3,Early Fusion,0.325350913163404
LINCS,200,ranked,r0,3,Late Fusion,0.33889676016095427
LINCS,200,random,rand1,3,CP,0.2807634721556302
LINCS,200,random,rand1,3,GE,0.27497454116938497
LINCS,200,random,rand1,3,Early Fusion,0.31031616585239774
LINCS,200,random,rand1,3,Late Fusion,0.310448166497007
LINCS,200,random,rand2,3,CP,0.2807634721556302
LINCS,200,random,rand2,3,GE,0.2611170823413386
LINCS,200,random,rand2,3,Early Fusion,0.296261055218439
LINCS,200,random,rand2,3,Late Fusion,0.3099385300885433
LINCS,200,random,rand3,3,CP,0.2807634721556302
LINCS,200,random,rand3,3,GE,0.29212643192426413
LINCS,200,random,rand3,3,Early Fusion,0.3042113225289028
LINCS,200,random,rand3,3,Late Fusion,0.32193747835986314
LINCS,200,random,rand4,3,CP,0.2807634721556302
LINCS,200,random,rand4,3,GE,0.30044642556964196
LINCS,200,random,rand4,3,Early Fusion,0.31133827927306185
LINCS,200,random,rand4,3,Late Fusion,0.32121572339390675
LINCS,200,random,rand5,3,CP,0.2807634721556302
LINCS,200,random,rand5,3,GE,0.29290807620445786
LINCS,200,random,rand5,3,Early Fusion,0.2997670307127361
LINCS,200,random,rand5,3,Late Fusion,0.3231269466919742
LINCS,200,ranked,r0,4,CP,0.16795134500465914
LINCS,200,ranked,r0,4,GE,0.1738290137857231
LINCS,200,ranked,r0,4,Early Fusion,0.18580911071219933
LINCS,200,ranked,r0,4,Late Fusion,0.18033858619887536
LINCS,200,random,rand1,4,CP,0.16795134500465914
LINCS,200,random,rand1,4,GE,0.13088563815575982
LINCS,200,random,rand1,4,Early Fusion,0.1696734901565403
LINCS,200,random,rand1,4,Late Fusion,0.1721113108793224
LINCS,200,random,rand2,4,CP,0.16795134500465914
LINCS,200,random,rand2,4,GE,0.13362559722442927
LINCS,200,random,rand2,4,Early Fusion,0.16696088464394135
LINCS,200,random,rand2,4,Late Fusion,0.16957647299866319
LINCS,200,random,rand3,4,CP,0.16795134500465914
LINCS,200,random,rand3,4,GE,0.12169780730048461
LINCS,200,random,rand3,4,Early Fusion,0.18042536069957804
LINCS,200,random,rand3,4,Late Fusion,0.17835439395394892
LINCS,200,random,rand4,4,CP,0.16795134500465914
LINCS,200,random,rand4,4,GE,0.11372649194350737
LINCS,200,random,rand4,4,Early Fusion,0.16831018917375815
LINCS,200,random,rand4,4,Late Fusion,0.17473828214395198
LINCS,200,random,rand5,4,CP,0.16795134500465914
LINCS,200,random,rand5,4,GE,0.13815221197606145
LINCS,200,random,rand5,4,Early Fusion,0.1685284903169105
LINCS,200,random,rand5,4,Late Fusion,0.17688095739248477
LINCS,200,ranked,r0,5,CP,0.268721001097659
LINCS,200,ranked,r0,5,GE,0.23974981449469707
LINCS,200,ranked,r0,5,Early Fusion,0.2846207686484102
LINCS,200,ranked,r0,5,Late Fusion,0.30646485691832537
LINCS,200,random,rand1,5,CP,0.268721001097659
LINCS,200,random,rand1,5,GE,0.22497273826583533
LINCS,200,random,rand1,5,Early Fusion,0.2888375400530962
LINCS,200,random,rand1,5,Late Fusion,0.29561543209784125
LINCS,200,random,rand2,5,CP,0.268721001097659
LINCS,200,random,rand2,5,GE,0.22348008223576776
LINCS,200,random,rand2,5,Early Fusion,0.27925317415993833
LINCS,200,random,rand2,5,Late Fusion,0.29988100297668935
LINCS,200,random,rand3,5,CP,0.268721001097659
LINCS,200,random,rand3,5,GE,0.2286606150998416
LINCS,200,random,rand3,5,Early Fusion,0.2948845038810273
LINCS,200,random,rand3,5,Late Fusion,0.29020768966281235
LINCS,200,random,rand4,5,CP,0.268721001097659
LINCS,200,random,rand4,5,GE,0.22258121901910854
LINCS,200,random,rand4,5,Early Fusion,0.2839112943054232
LINCS,200,random,rand4,5,Late Fusion,0.2942993205614313
LINCS,200,random,rand5,5,CP,0.268721001097659
LINCS,200,random,rand5,5,GE,0.2262622538404786
LINCS,200,random,rand5,5,Early Fusion,0.2799587619628023
LINCS,200,random,rand5,5,Late Fusion,0.30288560628544575
LINCS,300,ranked,r0,1,CP,0.1469266921444308
LINCS,300,ranked,r0,1,GE,0.15945096716669052
LINCS,300,ranked,r0,1,Early Fusion,0.18770376111720968
LINCS,300,ranked,r0,1,Late Fusion,0.17006905326813082
LINCS,300,random,rand1,1,CP,0.1469266921444308
LINCS,300,random,rand1,1,GE,0.17288011987659332
LINCS,300,random,rand1,1,Early Fusion,0.17893020942874183
LINCS,300,random,rand1,1,Late Fusion,0.16685157612241797
LINCS,300,random,rand2,1,CP,0.1469266921444308
LINCS,300,random,rand2,1,GE,0.1531258846686156
LINCS,300,random,rand2,1,Early Fusion,0.18541608619923497
LINCS,300,random,rand2,1,Late Fusion,0.1678457144084545
LINCS,300,random,rand3,1,CP,0.1469266921444308
LINCS,300,random,rand3,1,GE,0.1415061887732695
LINCS,300,random,rand3,1,Early Fusion,0.17282718644730077
LINCS,300,random,rand3,1,Late Fusion,0.16189923962896197
LINCS,300,random,rand4,1,CP,0.1469266921444308
LINCS,300,random,rand4,1,GE,0.14381877915856725
LINCS,300,random,rand4,1,Early Fusion,0.17567975689492138
LINCS,300,random,rand4,1,Late Fusion,0.16237117661062683
LINCS,300,random,rand5,1,CP,0.1469266921444308
LINCS,300,random,rand5,1,GE,0.14520482404985724
LINCS,300,random,rand5,1,Early Fusion,0.17210535810994898
LINCS,300,random,rand5,1,Late Fusion,0.17341912578128046
LINCS,300,ranked,r0,2,CP,0.14499424699491112
LINCS,300,ranked,r0,2,GE,0.17627827642122856
LINCS,300,ranked,r0,2,Early Fusion,0.18598011524605415
LINCS,300,ranked,r0,2,Late Fusion,0.18830362398683834
LINCS,300,random,rand1,2,CP,0.14499424699491112
LINCS,300,random,rand1,2,GE,0.16962614014121172
LINCS,300,random,rand1,2,Early Fusion,0.1665553581708322
LINCS,300,random,rand1,2,Late Fusion,0.16443718209377384
LINCS,300,random,rand2,2,CP,0.14499424699491112
LINCS,300,random,rand2,2,GE,0.17147589787304215
LINCS,300,random,rand2,2,Early Fusion,0.1884106250765614
LINCS,300,random,rand2,2,Late Fusion,0.17383597819817798
LINCS,300,random,rand3,2,CP,0.14499424699491112
LINCS,300,random,rand3,2,GE,0.15342716236654688
LINCS,300,random,rand3,2,Early Fusion,0.17702952360588287
LINCS,300,random,rand3,2,Late Fusion,0.17127459697131878
LINCS,300,random,rand4,2,CP,0.14499424699491112
LINCS,300,random,rand4,2,GE,0.14957653883685654
LINCS,300,random,rand4,2,Early Fusion,0.1559423966421556
LINCS,300,random,rand4,2,Late Fusion,0.1622814945304816
LINCS,300,random,rand5,2,CP,0.14499424699491112
LINCS,300,random,rand5,2,GE,0.1657530182259259
LINCS,300,random,rand5,2,Early Fusion,0.19086472864490464
LINCS,300,random,rand5,2,Late Fusion,0.17791741024277175
LINCS,300,ranked,r0,3,CP,0.2807634721556302
LINCS,300,ranked,r0,3,GE,0.30830347292410376
LINCS,300,ranked,r0,3,Early Fusion,0.33092421411906453
LINCS,300,ranked,r0,3,Late Fusion,0.32501459397806887
LINCS,300,random,rand1,3,CP,0.2807634721556302
LINCS,300,random,rand1,3,GE,0.30148799504854606
LINCS,300,random,rand1,3,Early Fusion,0.3203980939486487
LINCS,300,random,rand1,3,Late Fusion,0.322938759247848
LINCS,300,random,rand2,3,CP,0.2807634721556302
LINCS,300,random,rand2,3,GE,0.30103026473018724
LINCS,300,random,rand2,3,Early Fusion,0.3190644800597869
LINCS,300,random,rand2,3,Late Fusion,0.32255732073473353
LINCS,300,random,rand3,3,CP,0.2807634721556302
LINCS,300,random,rand3,3,GE,0.296945594888497
LINCS,300,random,rand3,3,Early Fusion,0.31882845929367554
LINCS,300,random,rand3,3,Late Fusion,0.3177794381685595
LINCS,300,random,rand4,3,CP,0.2807634721556302
LINCS,300,random,rand4,3,GE,0.302425770327179
LINCS,300,random,rand4,3,Early Fusion,0.3123674061354158
LINCS,300,random,rand4,3,Late Fusion,0.33205200989422046
LINCS,300,random,rand5,3,CP,0.2807634721556302
LINCS,300,random,rand5,3,GE,0.3091346120258835
LINCS,300,random,rand5,3,Early Fusion,0.31199315532638233
LINCS,300,random,rand5,3,Late Fusion,0.338427296119112
LINCS,300,ranked,r0,4,CP,0.16795134500465914
LINCS,300,ranked,r0,4,GE,0.1570877144117004
LINCS,300,ranked,r0,4,Early Fusion,0.1738508508122419
LINCS,300,ranked,r0,4,Late Fusion,0.17547452164568067
LINCS,300,random,rand1,4,CP,0.16795134500465914
LINCS,300,random,rand1,4,GE,0.12845088550676806
LINCS,300,random,rand1,4,Early Fusion,0.1539030234740005
LINCS,300,random,rand1,4,Late Fusion,0.16557568191040412
LINCS,300,random,rand2,4,CP,0.16795134500465914
LINCS,300,random,rand2,4,GE,0.14646760989447907
LINCS,300,random,rand2,4,Early Fusion,0.1777925985163133
LINCS,300,random,rand2,4,Late Fusion,0.17543916521313205
LINCS,300,random,rand3,4,CP,0.16795134500465914
LINCS,300,random,rand3,4,GE,0.14367731418489066
LINCS,300,random,rand3,4,Early Fusion,0.17161580361283857
LINCS,300,random,rand3,4,Late Fusion,0.18269893755747738
LINCS,300,random,rand4,4,CP,0.16795134500465914
LINCS,300,random,rand4,4,GE,0.14964528234554592
LINCS,300,random,rand4,4,Early Fusion,0.16293605736294217
LINCS,300,random,rand4,4,Late Fusion,0.1734073390333818
LINCS,300,random,rand5,4,CP,0.16795134500465914
LINCS,300,random,rand5,4,GE,0.1420704373748539
LINCS,300,random,rand5,4,Early Fusion,0.1530826498963526
LINCS,300,random,rand5,4,Late Fusion,0.16893212156467907
LINCS,300,ranked,r0,5,CP,0.268721001097659
LINCS,300,ranked,r0,5,GE,0.2436820272441187
LINCS,300,ranked,r0,5,Early Fusion,0.30204011528815683
LINCS,300,ranked,r0,5,Late Fusion,0.30595690016275745
LINCS,300,random,rand1,5,CP,0.268721001097659
LINCS,300,random,rand1,5,GE,0.239907038595095
LINCS,300,random,rand1,5,Early Fusion,0.2907055054445691
LINCS,300,random,rand1,5,Late Fusion,0.28939762044151374
LINCS,300,random,rand2,5,CP,0.268721001097659
LINCS,300,random,rand2,5,GE,0.26273643310979183
LINCS,300,random,rand2,5,Early Fusion,0.2937335671268133
LINCS,300,random,rand2,5,Late Fusion,0.30553770690141707
LINCS,300,random,rand3,5,CP,0.268721001097659
LINCS,300,random,rand3,5,GE,0.22257243302175236
LINCS,300,random,rand3,5,Early Fusion,0.3011642308394055
LINCS,300,random,rand3,5,Late Fusion,0.3173166613953567
LINCS,300,random,rand4,5,CP,0.268721001097659
LINCS,300,random,rand4,5,GE,0.2437301155029913
LINCS,300,random,rand4,5,Early Fusion,0.3152749233039561
LINCS,300,random,rand4,5,Late Fusion,0.30676324316158143
LINCS,300,random,rand5,5,CP,0.268721001097659
LINCS,300,random,rand5,5,GE,0.24177711959716788
LINCS,300,random,rand5,5,Early Fusion,0.302868966517869
LINCS,300,random,rand5,5,Late Fusion,0.29269543556695254
LINCS,400,ranked,r0,1,CP,0.1469266921444308
LINCS,400,ranked,r0,1,GE,0.19580456524417622
LINCS,400,ranked,r0,1,Early Fusion,0.18281896249363008
LINCS,400,ranked,r0,1,Late Fusion,0.18442409348074068
LINCS,400,random,rand1,1,CP,0.1469266921444308
LINCS,400,random,rand1,1,GE,0.16112657184085755
LINCS,400,random,rand1,1,Early Fusion,0.1844640016817668
LINCS,400,random,rand1,1,Late Fusion,0.16925182850029158
LINCS,400,random,rand2,1,CP,0.1469266921444308
LINCS,400,random,rand2,1,GE,0.17432853752569216
LINCS,400,random,rand2,1,Early Fusion,0.18102312962556333
LINCS,400,random,rand2,1,Late Fusion,0.17286033253660854
LINCS,400,random,rand3,1,CP,0.1469266921444308
LINCS,400,random,rand3,1,GE,0.1502560839882725
LINCS,400,random,rand3,1,Early Fusion,0.1838714449824815
LINCS,400,random,rand3,1,Late Fusion,0.1738562543482452
LINCS,400,random,rand4,1,CP,0.1469266921444308
LINCS,400,random,rand4,1,GE,0.1527200451919678
LINCS,400,random,rand4,1,Early Fusion,0.15808961605096694
LINCS,400,random,rand4,1,Late Fusion,0.1592893650878801
LINCS,400,random,rand5,1,CP,0.1469266921444308
LINCS,400,random,rand5,1,GE,0.14331920367567139
LINCS,400,random,rand5,1,Early Fusion,0.19705519232734844
LINCS,400,random,rand5,1,Late Fusion,0.16485632739751022
LINCS,400,ranked,r0,2,CP,0.14499424699491112
LINCS,400,ranked,r0,2,GE,0.17458132473905344
LINCS,400,ranked,r0,2,Early Fusion,0.18115727836711193
LINCS,400,ranked,r0,2,Late Fusion,0.16978480456741324
LINCS,400,random,rand1,2,CP,0.14499424699491112
LINCS,400,random,rand1,2,GE,0.14773319085953984
LINCS,400,random,rand1,2,Early Fusion,0.16387335225026037
LINCS,400,random,rand1,2,Late Fusion,0.17071321598135478
LINCS,400,random,rand2,2,CP,0.14499424699491112
LINCS,400,random,rand2,2,GE,0.15665988410467907
LINCS,400,random,rand2,2,Early Fusion,0.1719997013791093
LINCS,400,random,rand2,2,Late Fusion,0.15929401107541763
LINCS,400,random,rand3,2,CP,0.14499424699491112
LINCS,400,random,rand3,2,GE,0.1269893216822146
LINCS,400,random,rand3,2,Early Fusion,0.16439431120653103
LINCS,400,random,rand3,2,Late Fusion,0.15673611351844788
LINCS,400,random,rand4,2,CP,0.14499424699491112
LINCS,400,random,rand4,2,GE,0.14601359770710592
LINCS,400,random,rand4,2,Early Fusion,0.16558057793466982
LINCS,400,random,rand4,2,Late Fusion,0.16046696563772408
LINCS,400,random,rand5,2,CP,0.14499424699491112
LINCS,400,random,rand5,2,GE,0.1256564185069431
LINCS,400,random,rand5,2,Early Fusion,0.17036858617409037
LINCS,400,random,rand5,2,Late Fusion,0.16669904093115115
LINCS,400,ranked,r0,3,CP,0.2807634721556302
LINCS,400,ranked,r0,3,GE,0.3175955955278758
LINCS,400,ranked,r0,3,Early Fusion,0.3272130249521778
LINCS,400,ranked,r0,3,Late Fusion,0.34486749323177657
LINCS,400,random,rand1,3,CP,0.2807634721556302
LINCS,400,random,rand1,3,GE,0.3108523778549818
LINCS,400,random,rand1,3,Early Fusion,0.3153236436134987
LINCS,400,random,rand1,3,Late Fusion,0.3372818182913583
LINCS,400,random,rand2,3,CP,0.2807634721556302
LINCS,400,random,rand2,3,GE,0.3053788103905284
LINCS,400,random,rand2,3,Early Fusion,0.308536175120026
LINCS,400,random,rand2,3,Late Fusion,0.34489939572548267
LINCS,400,random,rand3,3,CP,0.2807634721556302
LINCS,400,random,rand3,3,GE,0.2898859670215169
LINCS,400,random,rand3,3,Early Fusion,0.30819789930888963
LINCS,400,random,rand3,3,Late Fusion,0.34101221985902036
LINCS,400,random,rand4,3,CP,0.2807634721556302
LINCS,400,random,rand4,3,GE,0.29647168844337707
LINCS,400,random,rand4,3,Early Fusion,0.31690985825768436
LINCS,400,random,rand4,3,Late Fusion,0.336378982071269
LINCS,400,random,rand5,3,CP,0.2807634721556302
LINCS,400,random,rand5,3,GE,0.302847638657124
LINCS,400,random,rand5,3,Early Fusion,0.31992688520248125
LINCS,400,random,rand5,3,Late Fusion,0.34057521746524305
LINCS,400,ranked,r0,4,CP,0.16795134500465914
LINCS,400,ranked,r0,4,GE,0.14667265613642028
LINCS,400,ranked,r0,4,Early Fusion,0.15877650930168752
LINCS,400,ranked,r0,4,Late Fusion,0.17831757519402772
LINCS,400,random,rand1,4,CP,0.16795134500465914
LINCS,400,random,rand1,4,GE,0.14993108283059012
LINCS,400,random,rand1,4,Early Fusion,0.1561915010866856
LINCS,400,random,rand1,4,Late Fusion,0.17487130833359377
LINCS,400,random,rand2,4,CP,0.16795134500465914
LINCS,400,random,rand2,4,GE,0.1457039075677353
LINCS,400,random,rand2,4,Early Fusion,0.18682497664091044
LINCS,400,random,rand2,4,Late Fusion,0.170396592345091
LINCS,400,random,rand3,4,CP,0.16795134500465914
LINCS,400,random,rand3,4,GE,0.1536670597993184
LINCS,400,random,rand3,4,Early Fusion,0.16685692130245336
LINCS,400,random,rand3,4,Late Fusion,0.17897664370018895
LINCS,400,random,rand4,4,CP,0.16795134500465914
LINCS,400,random,rand4,4,GE,0.13452381869698363
LINCS,400,random,rand4,4,Early Fusion,0.1708646737353626
LINCS,400,random,rand4,4,Late Fusion,0.17207174756082305
LINCS,400,random,rand5,4,CP,0.16795134500465914
LINCS,400,random,rand5,4,GE,0.16105689229141582
LINCS,400,random,rand5,4,Early Fusion,0.17341059403344425
LINCS,400,random,rand5,4,Late Fusion,0.1725462849249441
LINCS,400,ranked,r0,5,CP,0.268721001097659
LINCS,400,ranked,r0,5,GE,0.25035232000509783
LINCS,400,ranked,r0,5,Early Fusion,0.26182828633809024
LINCS,400,ranked,r0,5,Late Fusion,0.30633141205656667
LINCS,400,random,rand1,5,CP,0.268721001097659
LINCS,400,random,rand1,5,GE,0.24515181643177283
LINCS,400,random,rand1,5,Early Fusion,0.2646711621055757
LINCS,400,random,rand1,5,Late Fusion,0.297557189079246
LINCS,400,random,rand2,5,CP,0.268721001097659
LINCS,400,random,rand2,5,GE,0.2563311931732985
LINCS,400,random,rand2,5,Early Fusion,0.290041856670647
LINCS,400,random,rand2,5,Late Fusion,0.3088237216073414
LINCS,400,random,rand3,5,CP,0.268721001097659
LINCS,400,random,rand3,5,GE,0.2376802989775425
LINCS,400,random,rand3,5,Early Fusion,0.2786602818057066
LINCS,400,random,rand3,5,Late Fusion,0.30027595108919575
LINCS,400,random,rand4,5,CP,0.268721001097659
LINCS,400,random,rand4,5,GE,0.24085221597028467
LINCS,400,random,rand4,5,Early Fusion,0.2834072786861741
LINCS,400,random,rand4,5,Late Fusion,0.3130854476323525
LINCS,400,random,rand5,5,CP,0.268721001097659
LINCS,400,random,rand5,5,GE,0.24245958542464227
LINCS,400,random,rand5,5,Early Fusion,0.28345631351519995
LINCS,400,random,rand5,5,Late Fusion,0.3055087890012211
LINCS,978,ranked,r0,1,CP,0.1469266921444308
LINCS,978,ranked,r0,1,GE,0.17088722364059433
LINCS,978,ranked,r0,1,Early Fusion,0.1747786172338602
LINCS,978,ranked,r0,1,Late Fusion,0.17465661315704664
LINCS,978,random,rand1,1,CP,0.1469266921444308
LINCS,978,random,rand1,1,GE,0.18582033430059725
LINCS,978,random,rand1,1,Early Fusion,0.18263674558705614
LINCS,978,random,rand1,1,Late Fusion,0.17546638454177924
LINCS,978,random,rand2,1,CP,0.1469266921444308
LINCS,978,random,rand2,1,GE,0.16967172592053803
LINCS,978,random,rand2,1,Early Fusion,0.18576364673842155
LINCS,978,random,rand2,1,Late Fusion,0.17598572492244097
LINCS,978,random,rand3,1,CP,0.1469266921444308
LINCS,978,random,rand3,1,GE,0.17770227985792472
LINCS,978,random,rand3,1,Early Fusion,0.17857021080758592
LINCS,978,random,rand3,1,Late Fusion,0.17788723764044467
LINCS,978,random,rand4,1,CP,0.1469266921444308
LINCS,978,random,rand4,1,GE,0.16621374944356312
LINCS,978,random,rand4,1,Early Fusion,0.16943735008952399
LINCS,978,random,rand4,1,Late Fusion,0.1738770681555546
LINCS,978,random,rand5,1,CP,0.1469266921444308
LINCS,978,random,rand5,1,GE,0.1648603449966498
LINCS,978,random,rand5,1,Early Fusion,0.1858053469976831
LINCS,978,random,rand5,1,Late Fusion,0.1701288182835234
LINCS,978,ranked,r0,2,CP,0.14499424699491112
LINCS,978,ranked,r0,2,GE,0.17970434737967766
LINCS,978,ranked,r0,2,Early Fusion,0.1909147454737161
LINCS,978,ranked,r0,2,Late Fusion,0.18061640444074942
LINCS,978,random,rand1,2,CP,0.14499424699491112
LINCS,978,random,rand1,2,GE,0.1736480884295215
LINCS,978,random,rand1,2,Early Fusion,0.17564504416571491
LINCS,978,random,rand1,2,Late Fusion,0.1777060211727321
LINCS,978,random,rand2,2,CP,0.14499424699491112
LINCS,978,random,rand2,2,GE,0.1779250826209405
LINCS,978,random,rand2,2,Early Fusion,0.180756821265091
LINCS,978,random,rand2,2,Late Fusion,0.18541771932939127
LINCS,978,random,rand3,2,CP,0.14499424699491112
LINCS,978,random,rand3,2,GE,0.1791015153791179
LINCS,978,random,rand3,2,Early Fusion,0.192796326837493
LINCS,978,random,rand3,2,Late Fusion,0.18415571974673847
LINCS,978,random,rand4,2,CP,0.14499424699491112
LINCS,978,random,rand4,2,GE,0.17185238325377597
LINCS,978,random,rand4,2,Early Fusion,0.18859541988056594
LINCS,978,random,rand4,2,Late Fusion,0.18471262351388532
LINCS,978,random,rand5,2,CP,0.14499424699491112
LINCS,978,random,rand5,2,GE,0.17478232962015441
LINCS,978,random,rand5,2,Early Fusion,0.1904041314451409
LINCS,978,random,rand5,2,Late Fusion,0.17721331207418742
LINCS,978,ranked,r0,3,CP,0.2807634721556302
LINCS,978,ranked,r0,3,GE,0.29023701741093044
LINCS,978,ranked,r0,3,Early Fusion,0.2906618915789507
LINCS,978,ranked,r0,3,Late Fusion,0.32540896018295484
LINCS,978,random,rand1,3,CP,0.2807634721556302
LINCS,978,random,rand1,3,GE,0.2852083059748964
LINCS,978,random,rand1,3,Early Fusion,0.2954952676034223
LINCS,978,random,rand1,3,Late Fusion,0.33592165660072887
LINCS,978,random,rand2,3,CP,0.2807634721556302
LINCS,978,random,rand2,3,GE,0.2923541450312115
LINCS,978,random,rand2,3,Early Fusion,0.304623399884413
LINCS,978,random,rand2,3,Late Fusion,0.3284200443481546
LINCS,978,random,rand3,3,CP,0.2807634721556302
LINCS,978,random,rand3,3,GE,0.28761417037658205
LINCS,978,random,rand3,3,Early Fusion,0.30448836308156646
LINCS,978,random,rand3,3,Late Fusion,0.3177080799753434
LINCS,978,random,rand4,3,CP,0.2807634721556302
LINCS,978,random,rand4,3,GE,0.3032262103358554
LINCS,978,random,rand4,3,Early Fusion,0.29345441902986663
LINCS,978,random,rand4,3,Late Fusion,0.3358005151048629
LINCS,978,random,rand5,3,CP,0.2807634721556302
LINCS,978,random,rand5,3,GE,0.29754782616790765
LINCS,978,random,rand5,3,Early Fusion,0.30205248796113476
LINCS,978,random,rand5,3,Late Fusion,0.33991428612786206
LINCS,978,ranked,r0,4,CP,0.16795134500465914
LINCS,978,ranked,r0,4,GE,0.15427162612490636
LINCS,978,ranked,r0,4,Early Fusion,0.15495274098435807
LINCS,978,ranked,r0,4,Late Fusion,0.17407402114006867
LINCS,978,random,rand1,4,CP,0.16795134500465914
LINCS,978,random,rand1,4,GE,0.1398283518052344
LINCS,978,random,rand1,4,Early Fusion,0.15594116404215622
LINCS,978,random,rand1,4,Late Fusion,0.17658584855428525
LINCS,978,random,rand2,4,CP,0.16795134500465914
LINCS,978,random,rand2,4,GE,0.145772932006596
LINCS,978,random,rand2,4,Early Fusion,0.14978582368896462
LINCS,978,random,rand2,4,Late Fusion,0.18142429258862622
LINCS,978,random,rand3,4,CP,0.16795134500465914
LINCS,978,random,rand3,4,GE,0.14680177614364967
LINCS,978,random,rand3,4,Early Fusion,0.1493101484523269
LINCS,978,random,rand3,4,Late Fusion,0.1775216030865856
LINCS,978,random,rand4,4,CP,0.16795134500465914
LINCS,978,random,rand4,4,GE,0.15867966653246846
LINCS,978,random,rand4,4,Early Fusion,0.15251084939947873
LINCS,978,random,rand4,4,Late Fusion,0.17307414700861232
LINCS,978,random,rand5,4,CP,0.16795134500465914
LINCS,978,random,rand5,4,GE,0.15161079380360534
LINCS,978,random,rand5,4,Early Fusion,0.15088701930525858
LINCS,978,random,rand5,4,Late Fusion,0.1756601831486038
LINCS,978,ranked,r0,5,CP,0.268721001097659
LINCS,978,ranked,r0,5,GE,0.24949160831719008
LINCS,978,ranked,r0,5,Early Fusion,0.2558028797063885
LINCS,978,ranked,r0,5,Late Fusion,0.30157874427473064
LINCS,978,random,rand1,5,CP,0.268721001097659
LINCS,978,random,rand1,5,GE,0.23485240949981234
LINCS,978,random,rand1,5,Early Fusion,0.25722975367712214
LINCS,978,random,rand1,5,Late Fusion,0.2958962451159579
LINCS,978,random,rand2,5,CP,0.268721001097659
LINCS,978,random,rand2,5,GE,0.25141316908357064
LINCS,978,random,rand2,5,Early Fusion,0.25746676163342835
LINCS,978,random,rand2,5,Late Fusion,0.3090175417702974
LINCS,978,random,rand3,5,CP,0.268721001097659
LINCS,978,random,rand3,5,GE,0.24065716984291208
LINCS,978,random,rand3,5,Early Fusion,0.25982525133759704
LINCS,978,random,rand3,5,Late Fusion,0.30108958130039476
LINCS,978,random,rand4,5,CP,0.268721001097659
LINCS,978,random,rand4,5,GE,0.23289155974341158
LINCS,978,random,rand4,5,Early Fusion,0.2636043483265706
LINCS,978,random,rand4,5,Late Fusion,0.29658633728662376
LINCS,978,random,rand5,5,CP,0.268721001097659
LINCS,978,random,rand5,5,GE,0.2340461100265022
LINCS,978,random,rand5,5,Early Fusion,0.2570401238418094
LINCS,978,random,rand5,5,Late Fusion,0.304023717384085
