pert_id,pert_dose,det_plate,BROAD_CPD_ID,CPD_NAME,CPD_TYPE,CPD_SMILES,pert_id_dose,pert_sample_dose,pert_type,control_type,moa,Compound_Category
BRD-K46678324-001-03-7,50.0,PAC001_U2OS_6H_X1_B1_UNI4445L,BRD-K46678324,RHO-kinase inhibitor II,BIO,Clc1cc(Cl)c(NC(=O)Nc2ccncc2)c(Cl)c1,BRD-K46678324_50.0,BRD-K46678324-001-03-7_50.0,trt,,rho associated kinase inhibitor,rho associated kinase inhibitor
BRD-K67860401-001-02-3,16.2,PAC001_U2OS_6H_X1_B1_UNI4445L,BRD-K67860401,GSK-3beta inhibitor VIII,BIO,COc1ccc(CNC(=O)Nc2ncc(s2)[N+]([O-])=O)cc1,BRD-K67860401_16.2,BRD-K67860401-001-02-3_16.2,trt,,glycogen synthase kinase inhibitor,CDK inhibitor
BRD-K68336408-001-03-4,15.8,PAC001_U2OS_6H_X1_B1_UNI4445L,BRD-K68336408,tyrphostin AG-1478,BIO,COc1cc2ncnc(Nc3cccc(Cl)c3)c2cc1OC,BRD-K68336408_15.8,BRD-K68336408-001-03-4_15.8,trt,,EGFR inhibitor,EGFR inhibitor
BRD-K72703948-001-01-0,10.0,PAC001_U2OS_6H_X1_B1_UNI4445L,BRD-K72703948,BRD-K72703948,BIO,COc1cc2c(Nc3ccc(NC(=O)c4ccccc4)cc3)ncnc2cc1OCCCN1CCOCC1,BRD-K72703948_10.0,BRD-K72703948-001-01-0_10.0,trt,,Aurora kinase inhibitor,Aurora kinase inhibitor
BRD-K62008436-001-03-1,2.34218,PAC001_U2OS_6H_X1_B1_UNI4445L,BRD-K62008436,paclitaxel,BIO,CC(=O)O[C@@H]1C2=C(C)[C@H](C[C@@](O)([C@@H](OC(=O)c3ccccc3)[C@@H]3[C@@]4(CO[C@@H]4C[C@H](O)[C@@]3(C)C1=O)OC(C)=O)C2(C)C)OC(=O)[C@H](O)[C@@H](NC(=O)c1ccccc1)c1ccccc1,BRD-K62008436_2.34,BRD-K62008436-001-03-1_2.34,trt,,tubulin polymerization inhibitor,tubulin polymerization inhibitor
BRD-K62810658-001-05-6,18.707,PAC001_U2OS_6H_X1_B1_UNI4445L,BRD-K62810658,PD 98059,BIO,COc1cccc(-c2cc(=O)c3ccccc3o2)c1N,BRD-K62810658_18.71,BRD-K62810658-001-05-6_18.71,trt,,MEK inhibitor,MEK inhibitor
BRD-K63430059-001-03-2,10.0,PAC001_U2OS_6H_X1_B1_UNI4445L,BRD-K63430059,methoxsalen,BIO,COc1c2occc2cc2ccc(=O)oc12,BRD-K63430059_10.0,BRD-K63430059-001-03-2_10.0,trt,,DNA synthesis inhibitor,DNA inhibitor
BRD-K64862097-001-03-9,5.31263,PAC001_U2OS_6H_X1_B1_UNI4445L,BRD-K64862097,fluorometholone,BIO,C[C@H]1C[C@H]2[C@@H]3CC[C@](O)(C(C)=O)[C@@]3(C)C[C@H](O)[C@]2(F)[C@@]2(C)C=CC(=O)C=C12,BRD-K64862097_5.31,BRD-K64862097-001-03-9_5.31,trt,,glucocorticoid receptor agonist,glucocorticoid receptor agonist
BRD-K71726959-001-05-9,15.3188,PAC001_U2OS_6H_X1_B1_UNI4445L,BRD-K71726959,N9-isopropylolomoucine,BIO,CC(C)n1cnc2c(NCc3ccccc3)nc(NCCO)nc12,BRD-K71726959_15.32,BRD-K71726959-001-05-9_15.32,trt,,CDK inhibitor,CDK inhibitor
BRD-K72726508-001-01-3,10.0,PAC001_U2OS_6H_X1_B1_UNI4445L,BRD-K72726508,BRD-K72726508,BIO,O=C1NC(=O)c2c1c1c3ccccc3[nH]c1c1[nH]c3ccccc3c21,BRD-K72726508_10.0,BRD-K72726508-001-01-3_10.0,trt,,CDK inhibitor,CDK inhibitor
BRD-K76617868-001-02-2,10.0,PAC001_U2OS_6H_X1_B1_UNI4445L,BRD-K76617868,fasudil,BIO,O=S(=O)(N1CCCNCC1)c1cccc2cnccc12,BRD-K76617868_10.0,BRD-K76617868-001-02-2_10.0,trt,,rho associated kinase inhibitor,rho associated kinase inhibitor
BRD-K77554836-001-03-3,5.07056,PAC001_U2OS_6H_X1_B1_UNI4445L,BRD-K77554836,triamcinolone,BIO,C[C@]12C[C@H](O)[C@@]3(F)[C@@H](CCC4=CC(=O)C=C[C@]34C)[C@@H]1C[C@@H](O)[C@]2(O)C(=O)CO,BRD-K77554836_5.07,BRD-K77554836-001-03-3_5.07,trt,,glucocorticoid receptor agonist,glucocorticoid receptor agonist
BRD-K61496577-001-03-8,4.87268,PAC001_U2OS_6H_X1_B1_UNI4445R,BRD-K61496577,flumetasone,BIO,C[C@@H]1C[C@H]2[C@@H]3C[C@H](F)C4=CC(=O)C=C[C@]4(C)[C@@]3(F)[C@@H](O)C[C@]2(C)[C@@]1(O)C(=O)CO,BRD-K61496577_4.87,BRD-K61496577-001-03-8_4.87,trt,,glucocorticoid receptor agonist,glucocorticoid receptor agonist
BRD-K61590534-001-01-4,10.0,PAC001_U2OS_6H_X1_B1_UNI4445R,BRD-K61590534,tyrphostin 63,BIO,Oc1ccc(CC(C#N)C#N)cc1,BRD-K61590534_10.0,BRD-K61590534-001-01-4_10.0,trt,,EGFR inhibitor,EGFR inhibitor
BRD-K62310379-001-03-0,3.99544,PAC001_U2OS_6H_X1_B1_UNI4445R,BRD-K62310379,fluticasone propionate,BIO,CCC(=O)O[C@@]1([C@H](C)C[C@H]2[C@@H]3C[C@H](F)C4=CC(=O)C=C[C@]4(C)[C@@]3(F)[C@@H](O)C[C@]12C)C(=O)SCF,BRD-K62310379_4.0,BRD-K62310379-001-03-0_4.0,trt,,glucocorticoid receptor agonist,glucocorticoid receptor agonist
BRD-K62607865-001-03-0,4.59313,PAC001_U2OS_6H_X1_B1_UNI4445R,BRD-K62607865,aztreonam,BIO,C[C@H]1[C@H](NC(=O)C(=N/OC(C)(C)C(O)=O)\c2csc(N)n2)C(=O)N1S(O)(=O)=O,BRD-K62607865_4.59,BRD-K62607865-001-03-0_4.59,trt,,bacterial cell wall synthesis inhibitor,bacterial cell wall synthesis inhibitor
BRD-K67043667-001-04-1,9.51115,PAC001_U2OS_6H_X1_B1_UNI4445R,BRD-K67043667,altretamine,BIO,CN(C)c1nc(nc(n1)N(C)C)N(C)C,BRD-K67043667_9.51,BRD-K67043667-001-04-1_9.51,trt,,DNA synthesis inhibitor,DNA inhibitor
BRD-K67102207-236-01-0,10.0,PAC001_U2OS_6H_X1_B1_UNI4445R,BRD-K67102207,sodium phenylbutyrate,BIO,OC(=O)CCCc1ccccc1,BRD-K67102207_10.0,BRD-K67102207-236-01-0_10.0,trt,,HDAC inhibitor,HDAC inhibitor
BRD-K71799778-001-02-2,10.0,PAC001_U2OS_6H_X1_B1_UNI4445R,BRD-K71799778,BML-259,BIO,CC(C)c1cnc(NC(=O)Cc2ccccc2)s1,BRD-K71799778_10.0,BRD-K71799778-001-02-2_10.0,trt,,CDK inhibitor,CDK inhibitor
BRD-K71860425-001-01-1,10.0,PAC001_U2OS_6H_X1_B1_UNI4445R,BRD-K71860425,Cdk2/5 inhibitor,BIO,Nc1cc(Nc2ccc(cc2)S(N)(=O)=O)ncn1,BRD-K71860425_10.0,BRD-K71860425-001-01-1_10.0,trt,,CDK inhibitor,CDK inhibitor
BRD-K76805682-001-05-0,10.0,PAC001_U2OS_6H_X1_B1_UNI4445R,BRD-K76805682,SB-415286,BIO,Oc1ccc(NC2=C(C(=O)NC2=O)c2ccccc2[N+]([O-])=O)cc1Cl,BRD-K76805682_10.0,BRD-K76805682-001-05-0_10.0,trt,,glycogen synthase kinase inhibitor,CDK inhibitor
BRD-K76927775-001-04-3,10.0,PAC001_U2OS_6H_X1_B1_UNI4445R,BRD-K76927775,nitrofurantoin,BIO,[O-][N+](=O)c1ccc(\C=N\N2CC(=O)NC2=O)o1,BRD-K76927775_10.0,BRD-K76927775-001-04-3_10.0,trt,,DNA inhibitor,DNA inhibitor
BRD-K77133231-001-01-1,10.0,PAC001_U2OS_6H_X1_B1_UNI4445R,BRD-K77133231,PD169316,BIO,[O-][N+](=O)c1ccc(cc1)-c1nc(c([nH]1)-c1ccncc1)-c1ccc(F)cc1,BRD-K77133231_10.0,BRD-K77133231-001-01-1_10.0,trt,,p38 MAPK inhibitor,MAPK inhibitor
BRD-K77793136-003-01-4,10.0,PAC001_U2OS_6H_X1_B1_UNI4445R,BRD-K77793136,hydroxyfasudil,BIO,Oc1nccc2c(cccc12)S(=O)(=O)N1CCCNCC1,BRD-K77793136_10.0,BRD-K77793136-003-01-4_10.0,trt,,rho associated kinase inhibitor,rho associated kinase inhibitor
BRD-K78113049-001-04-8,10.0,PAC001_U2OS_6H_X1_B1_UNI4445R,BRD-K78113049,enoxacin,BIO,CCn1cc(C(O)=O)c(=O)c2cc(F)c(nc12)N1CCNCC1,BRD-K78113049_10.0,BRD-K78113049-001-04-8_10.0,trt,,topoisomerase inhibitor,DNA inhibitor
BRD-K46678324-001-03-7,50.0,PAC001_U2OS_6H_X2_B1_UNI4445L,BRD-K46678324,RHO-kinase inhibitor II,BIO,Clc1cc(Cl)c(NC(=O)Nc2ccncc2)c(Cl)c1,BRD-K46678324_50.0,BRD-K46678324-001-03-7_50.0,trt,,rho associated kinase inhibitor,rho associated kinase inhibitor
BRD-K67860401-001-02-3,16.2,PAC001_U2OS_6H_X2_B1_UNI4445L,BRD-K67860401,GSK-3beta inhibitor VIII,BIO,COc1ccc(CNC(=O)Nc2ncc(s2)[N+]([O-])=O)cc1,BRD-K67860401_16.2,BRD-K67860401-001-02-3_16.2,trt,,glycogen synthase kinase inhibitor,CDK inhibitor
BRD-K68336408-001-03-4,15.8,PAC001_U2OS_6H_X2_B1_UNI4445L,BRD-K68336408,tyrphostin AG-1478,BIO,COc1cc2ncnc(Nc3cccc(Cl)c3)c2cc1OC,BRD-K68336408_15.8,BRD-K68336408-001-03-4_15.8,trt,,EGFR inhibitor,EGFR inhibitor
BRD-K72703948-001-01-0,10.0,PAC001_U2OS_6H_X2_B1_UNI4445L,BRD-K72703948,BRD-K72703948,BIO,COc1cc2c(Nc3ccc(NC(=O)c4ccccc4)cc3)ncnc2cc1OCCCN1CCOCC1,BRD-K72703948_10.0,BRD-K72703948-001-01-0_10.0,trt,,Aurora kinase inhibitor,Aurora kinase inhibitor
BRD-K62008436-001-03-1,2.34218,PAC001_U2OS_6H_X2_B1_UNI4445L,BRD-K62008436,paclitaxel,BIO,CC(=O)O[C@@H]1C2=C(C)[C@H](C[C@@](O)([C@@H](OC(=O)c3ccccc3)[C@@H]3[C@@]4(CO[C@@H]4C[C@H](O)[C@@]3(C)C1=O)OC(C)=O)C2(C)C)OC(=O)[C@H](O)[C@@H](NC(=O)c1ccccc1)c1ccccc1,BRD-K62008436_2.34,BRD-K62008436-001-03-1_2.34,trt,,tubulin polymerization inhibitor,tubulin polymerization inhibitor
BRD-K62810658-001-05-6,18.707,PAC001_U2OS_6H_X2_B1_UNI4445L,BRD-K62810658,PD 98059,BIO,COc1cccc(-c2cc(=O)c3ccccc3o2)c1N,BRD-K62810658_18.71,BRD-K62810658-001-05-6_18.71,trt,,MEK inhibitor,MEK inhibitor
BRD-K63430059-001-03-2,10.0,PAC001_U2OS_6H_X2_B1_UNI4445L,BRD-K63430059,methoxsalen,BIO,COc1c2occc2cc2ccc(=O)oc12,BRD-K63430059_10.0,BRD-K63430059-001-03-2_10.0,trt,,DNA synthesis inhibitor,DNA inhibitor
BRD-K64862097-001-03-9,5.31263,PAC001_U2OS_6H_X2_B1_UNI4445L,BRD-K64862097,fluorometholone,BIO,C[C@H]1C[C@H]2[C@@H]3CC[C@](O)(C(C)=O)[C@@]3(C)C[C@H](O)[C@]2(F)[C@@]2(C)C=CC(=O)C=C12,BRD-K64862097_5.31,BRD-K64862097-001-03-9_5.31,trt,,glucocorticoid receptor agonist,glucocorticoid receptor agonist
BRD-K71726959-001-05-9,15.3188,PAC001_U2OS_6H_X2_B1_UNI4445L,BRD-K71726959,N9-isopropylolomoucine,BIO,CC(C)n1cnc2c(NCc3ccccc3)nc(NCCO)nc12,BRD-K71726959_15.32,BRD-K71726959-001-05-9_15.32,trt,,CDK inhibitor,CDK inhibitor
BRD-K72726508-001-01-3,10.0,PAC001_U2OS_6H_X2_B1_UNI4445L,BRD-K72726508,BRD-K72726508,BIO,O=C1NC(=O)c2c1c1c3ccccc3[nH]c1c1[nH]c3ccccc3c21,BRD-K72726508_10.0,BRD-K72726508-001-01-3_10.0,trt,,CDK inhibitor,CDK inhibitor
BRD-K76617868-001-02-2,10.0,PAC001_U2OS_6H_X2_B1_UNI4445L,BRD-K76617868,fasudil,BIO,O=S(=O)(N1CCCNCC1)c1cccc2cnccc12,BRD-K76617868_10.0,BRD-K76617868-001-02-2_10.0,trt,,rho associated kinase inhibitor,rho associated kinase inhibitor
BRD-K77554836-001-03-3,5.07056,PAC001_U2OS_6H_X2_B1_UNI4445L,BRD-K77554836,triamcinolone,BIO,C[C@]12C[C@H](O)[C@@]3(F)[C@@H](CCC4=CC(=O)C=C[C@]34C)[C@@H]1C[C@@H](O)[C@]2(O)C(=O)CO,BRD-K77554836_5.07,BRD-K77554836-001-03-3_5.07,trt,,glucocorticoid receptor agonist,glucocorticoid receptor agonist
BRD-K61496577-001-03-8,4.87268,PAC001_U2OS_6H_X2_B1_UNI4445R,BRD-K61496577,flumetasone,BIO,C[C@@H]1C[C@H]2[C@@H]3C[C@H](F)C4=CC(=O)C=C[C@]4(C)[C@@]3(F)[C@@H](O)C[C@]2(C)[C@@]1(O)C(=O)CO,BRD-K61496577_4.87,BRD-K61496577-001-03-8_4.87,trt,,glucocorticoid receptor agonist,glucocorticoid receptor agonist
BRD-K61590534-001-01-4,10.0,PAC001_U2OS_6H_X2_B1_UNI4445R,BRD-K61590534,tyrphostin 63,BIO,Oc1ccc(CC(C#N)C#N)cc1,BRD-K61590534_10.0,BRD-K61590534-001-01-4_10.0,trt,,EGFR inhibitor,EGFR inhibitor
BRD-K62310379-001-03-0,3.99544,PAC001_U2OS_6H_X2_B1_UNI4445R,BRD-K62310379,fluticasone propionate,BIO,CCC(=O)O[C@@]1([C@H](C)C[C@H]2[C@@H]3C[C@H](F)C4=CC(=O)C=C[C@]4(C)[C@@]3(F)[C@@H](O)C[C@]12C)C(=O)SCF,BRD-K62310379_4.0,BRD-K62310379-001-03-0_4.0,trt,,glucocorticoid receptor agonist,glucocorticoid receptor agonist
BRD-K67043667-001-04-1,9.51115,PAC001_U2OS_6H_X2_B1_UNI4445R,BRD-K67043667,altretamine,BIO,CN(C)c1nc(nc(n1)N(C)C)N(C)C,BRD-K67043667_9.51,BRD-K67043667-001-04-1_9.51,trt,,DNA synthesis inhibitor,DNA inhibitor
BRD-K67102207-236-01-0,10.0,PAC001_U2OS_6H_X2_B1_UNI4445R,BRD-K67102207,sodium phenylbutyrate,BIO,OC(=O)CCCc1ccccc1,BRD-K67102207_10.0,BRD-K67102207-236-01-0_10.0,trt,,HDAC inhibitor,HDAC inhibitor
BRD-K71799778-001-02-2,10.0,PAC001_U2OS_6H_X2_B1_UNI4445R,BRD-K71799778,BML-259,BIO,CC(C)c1cnc(NC(=O)Cc2ccccc2)s1,BRD-K71799778_10.0,BRD-K71799778-001-02-2_10.0,trt,,CDK inhibitor,CDK inhibitor
BRD-K71860425-001-01-1,10.0,PAC001_U2OS_6H_X2_B1_UNI4445R,BRD-K71860425,Cdk2/5 inhibitor,BIO,Nc1cc(Nc2ccc(cc2)S(N)(=O)=O)ncn1,BRD-K71860425_10.0,BRD-K71860425-001-01-1_10.0,trt,,CDK inhibitor,CDK inhibitor
BRD-K76805682-001-05-0,10.0,PAC001_U2OS_6H_X2_B1_UNI4445R,BRD-K76805682,SB-415286,BIO,Oc1ccc(NC2=C(C(=O)NC2=O)c2ccccc2[N+]([O-])=O)cc1Cl,BRD-K76805682_10.0,BRD-K76805682-001-05-0_10.0,trt,,glycogen synthase kinase inhibitor,CDK inhibitor
BRD-K76927775-001-04-3,10.0,PAC001_U2OS_6H_X2_B1_UNI4445R,BRD-K76927775,nitrofurantoin,BIO,[O-][N+](=O)c1ccc(\C=N\N2CC(=O)NC2=O)o1,BRD-K76927775_10.0,BRD-K76927775-001-04-3_10.0,trt,,DNA inhibitor,DNA inhibitor
BRD-K77133231-001-01-1,10.0,PAC001_U2OS_6H_X2_B1_UNI4445R,BRD-K77133231,PD169316,BIO,[O-][N+](=O)c1ccc(cc1)-c1nc(c([nH]1)-c1ccncc1)-c1ccc(F)cc1,BRD-K77133231_10.0,BRD-K77133231-001-01-1_10.0,trt,,p38 MAPK inhibitor,MAPK inhibitor
BRD-K77793136-003-01-4,10.0,PAC001_U2OS_6H_X2_B1_UNI4445R,BRD-K77793136,hydroxyfasudil,BIO,Oc1nccc2c(cccc12)S(=O)(=O)N1CCCNCC1,BRD-K77793136_10.0,BRD-K77793136-003-01-4_10.0,trt,,rho associated kinase inhibitor,rho associated kinase inhibitor
BRD-K78113049-001-04-8,10.0,PAC001_U2OS_6H_X2_B1_UNI4445R,BRD-K78113049,enoxacin,BIO,CCn1cc(C(O)=O)c(=O)c2cc(F)c(nc12)N1CCNCC1,BRD-K78113049_10.0,BRD-K78113049-001-04-8_10.0,trt,,topoisomerase inhibitor,DNA inhibitor
BRD-K42452249-001-01-7,10.0,PAC002_U2OS_6H_X1_B1_UNI4445L,BRD-K42452249,BRD-K42452249,BIO,Cc1ccccc1C(=O)c1ccc(Nc2ccc(Br)cc2N)cc1Cl,BRD-K42452249_10.0,BRD-K42452249-001-01-7_10.0,trt,,p38 MAPK inhibitor,MAPK inhibitor
BRD-K43736954-001-03-3,5.54871,PAC002_U2OS_6H_X1_B1_UNI4445L,BRD-K43736954,cortisone,BIO,C[C@]12CC(=O)[C@H]3[C@@H](CCC4=CC(=O)CC[C@]34C)[C@@H]1CC[C@]2(O)C(=O)CO,BRD-K43736954_5.55,BRD-K43736954-001-03-3_5.55,trt,,glucocorticoid receptor agonist,glucocorticoid receptor agonist
BRD-K43796186-001-01-1,10.0,PAC002_U2OS_6H_X1_B1_UNI4445L,BRD-K43796186,BRD-K43796186,BIO,C(Nc1ncnc2ccccc12)c1ccccc1,BRD-K43796186_10.0,BRD-K43796186-001-01-1_10.0,trt,,EGFR inhibitor,EGFR inhibitor
BRD-K44084986-001-03-9,20.2154,PAC002_U2OS_6H_X1_B1_UNI4445L,BRD-K44084986,Y27632,BIO,C[C@@H](N)[C@H]1CC[C@@H](CC1)C(=O)Nc1ccncc1,BRD-K44084986_20.22,BRD-K44084986-001-03-9_20.22,trt,,rho associated kinase inhibitor,rho associated kinase inhibitor
BRD-K47635719-001-03-9,4.60302,PAC002_U2OS_6H_X1_B1_UNI4445L,BRD-K47635719,dexamethasone acetate,BIO,C[C@@H]1C[C@H]2[C@@H]3CCC4=CC(=O)C=C[C@]4(C)[C@@]3(F)[C@@H](O)C[C@]2(C)[C@@]1(O)C(=O)COC(C)=O,BRD-K47635719_4.6,BRD-K47635719-001-03-9_4.6,trt,,glucocorticoid receptor agonist,glucocorticoid receptor agonist
BRD-K50836978-001-01-7,10.0,PAC002_U2OS_6H_X1_B1_UNI4445L,BRD-K50836978,purvalanol A,BIO,CC(C)[C@H](CO)Nc1nc(Nc2cccc(Cl)c2)c2ncn(C(C)C)c2n1,BRD-K50836978_10.0,BRD-K50836978-001-01-7_10.0,trt,,CDK inhibitor,CDK inhibitor
BRD-K52020312-001-04-5,10.0,PAC002_U2OS_6H_X1_B1_UNI4445L,BRD-K52020312,metronidazole,BIO,Cc1ncc(n1CCO)[N+]([O-])=O,BRD-K52020312_10.0,BRD-K52020312-001-04-5_10.0,trt,,DNA inhibitor,DNA inhibitor
BRD-K52313696-001-01-6,10.0,PAC002_U2OS_6H_X1_B1_UNI4445L,BRD-K52313696,tacedinaline,BIO,CC(=O)Nc1ccc(cc1)C(=O)Nc1ccccc1N,BRD-K52313696_10.0,BRD-K52313696-001-01-6_10.0,trt,,HDAC inhibitor,HDAC inhibitor
BRD-K54330070-001-05-5,15.0901,PAC002_U2OS_6H_X1_B1_UNI4445L,BRD-K54330070,SB-202190,BIO,Oc1ccc(cc1)-c1nc(c([nH]1)-c1ccncc1)-c1ccc(F)cc1,BRD-K54330070_15.09,BRD-K54330070-001-05-5_15.09,trt,,p38 MAPK inhibitor,MAPK inhibitor
BRD-K47105409-001-05-3,16.9892,PAC002_U2OS_6H_X1_B1_UNI4445R,BRD-K47105409,tyrphostin B42,BIO,Oc1ccc(cc1O)\C=C(/C#N)C(=O)NCc1ccccc1,BRD-K47105409_16.99,BRD-K47105409-001-05-3_16.99,trt,,JAK inhibitor,JAK inhibitor
BRD-K47943470-001-02-8,10.0,PAC002_U2OS_6H_X1_B1_UNI4445R,BRD-K47943470,tyrphostin 51,BIO,NC(=C(C#N)C#N)C(\C#N)=C\c1cc(O)c(O)c(O)c1,BRD-K47943470_10.0,BRD-K47943470-001-02-8_10.0,trt,,EGFR inhibitor,EGFR inhibitor
BRD-K49294207-300-01-2,10.0,PAC002_U2OS_6H_X1_B1_UNI4445R,BRD-K49294207,BRD-K49294207,BIO,CCN(CC)CC1CCN(CC1)c1ncc2ncnc(Nc3ccc(F)c(Cl)c3)c2n1,BRD-K49294207_10.0,BRD-K49294207-300-01-2_10.0,trt,,EGFR inhibitor,EGFR inhibitor
BRD-K49448285-001-01-3,10.0,PAC002_U2OS_6H_X1_B1_UNI4445R,BRD-K49448285,bisindolylmaleimide IV,BIO,O=C1NC(=O)C(c2c[nH]c3ccccc23)=C1c1c[nH]c2ccccc12,BRD-K49448285_10.0,BRD-K49448285-001-01-3_10.0,trt,,CDK inhibitor,CDK inhibitor
BRD-K51318897-001-04-7,6.6812,PAC002_U2OS_6H_X1_B1_UNI4445R,BRD-K51318897,fenbendazole,BIO,COC(=O)Nc1nc2ccc(Sc3ccccc3)cc2[nH]1,BRD-K51318897_6.68,BRD-K51318897-001-04-7_6.68,trt,,tubulin polymerization inhibitor,tubulin polymerization inhibitor
BRD-K52662033-001-02-6,21.3368,PAC002_U2OS_6H_X1_B1_UNI4445R,BRD-K52662033,lidocaine,BIO,CCN(CC)CC(=O)Nc1c(C)cccc1C,BRD-K52662033_21.34,BRD-K52662033-001-02-6_21.34,trt,,histamine receptor agonist,histamine receptor agonist
BRD-K52850071-001-01-2,10.0,PAC002_U2OS_6H_X1_B1_UNI4445R,BRD-K52850071,WHI-P154,BIO,OCc1cc2ncnc(Nc3ccc(O)c(Br)c3)c2cc1CO,BRD-K52850071_10.0,BRD-K52850071-001-01-2_10.0,trt,,JAK inhibitor,JAK inhibitor
BRD-K54095730-001-01-5,10.0,PAC002_U2OS_6H_X1_B1_UNI4445R,BRD-K54095730,BRD-K54095730,BIO,Oc1ccc(NC(=O)CCCc2ccc(cc2)-c2ccccc2F)cc1,BRD-K54095730_10.0,BRD-K54095730-001-01-5_10.0,trt,,p38 MAPK inhibitor,MAPK inhibitor
BRD-K54790157-001-03-1,10.0,PAC002_U2OS_6H_X1_B1_UNI4445R,BRD-K54790157,trioxysalen,BIO,Cc1cc2cc3c(C)cc(=O)oc3c(C)c2o1,BRD-K54790157_10.0,BRD-K54790157-001-03-1_10.0,trt,,DNA synthesis inhibitor,DNA inhibitor
BRD-K57886322-001-03-4,4.04429,PAC002_U2OS_6H_X1_B1_UNI4445R,BRD-K57886322,fluocinonide,BIO,CC(=O)OCC(=O)[C@@]12OC(C)(C)O[C@@H]1C[C@H]1[C@@H]3C[C@H](F)C4=CC(=O)C=C[C@]4(C)[C@@]3(F)[C@@H](O)C[C@]21C,BRD-K57886322_4.04,BRD-K57886322-001-03-4_4.04,trt,,glucocorticoid receptor agonist,glucocorticoid receptor agonist
BRD-K59184148-001-04-2,10.0,PAC002_U2OS_6H_X1_B1_UNI4445R,BRD-K59184148,BRD-K59184148,BIO,Cn1cc(C2=C(C(=O)NC2=O)c2ccc(Cl)cc2Cl)c2ccccc12,BRD-K59184148_10.0,BRD-K59184148-001-04-2_10.0,trt,,glycogen synthase kinase inhibitor,CDK inhibitor
BRD-K60511616-236-01-4,10.0,PAC002_U2OS_6H_X1_B1_UNI4445R,BRD-K60511616,BRD-K60511616,BIO,CC[C@H](C)C(=O)O[C@H]1C[C@H](O)C=C2C=C[C@H](C)[C@H](CC[C@@H](O)C[C@@H](O)CC(O)=O)[C@@H]12,BRD-K60511616_10.0,BRD-K60511616-236-01-4_10.0,trt,,HMGCR inhibitor,HMGCR inhibitor
BRD-K60640630-001-03-7,3.83561,PAC002_U2OS_6H_X1_B1_UNI4445R,BRD-K60640630,mometasone furoate,BIO,C[C@@H]1C[C@H]2[C@@H]3CCC4=CC(=O)C=C[C@]4(C)[C@@]3(Cl)[C@@H](O)C[C@]2(C)[C@@]1(OC(=O)c1ccco1)C(=O)CCl,BRD-K60640630_3.84,BRD-K60640630-001-03-7_3.84,trt,,glucocorticoid receptor agonist,glucocorticoid receptor agonist
BRD-K42452249-001-01-7,10.0,PAC002_U2OS_6H_X3_B1_UNI4445L,BRD-K42452249,BRD-K42452249,BIO,Cc1ccccc1C(=O)c1ccc(Nc2ccc(Br)cc2N)cc1Cl,BRD-K42452249_10.0,BRD-K42452249-001-01-7_10.0,trt,,p38 MAPK inhibitor,MAPK inhibitor
BRD-K43736954-001-03-3,5.54871,PAC002_U2OS_6H_X3_B1_UNI4445L,BRD-K43736954,cortisone,BIO,C[C@]12CC(=O)[C@H]3[C@@H](CCC4=CC(=O)CC[C@]34C)[C@@H]1CC[C@]2(O)C(=O)CO,BRD-K43736954_5.55,BRD-K43736954-001-03-3_5.55,trt,,glucocorticoid receptor agonist,glucocorticoid receptor agonist
BRD-K43796186-001-01-1,10.0,PAC002_U2OS_6H_X3_B1_UNI4445L,BRD-K43796186,BRD-K43796186,BIO,C(Nc1ncnc2ccccc12)c1ccccc1,BRD-K43796186_10.0,BRD-K43796186-001-01-1_10.0,trt,,EGFR inhibitor,EGFR inhibitor
BRD-K44084986-001-03-9,20.2154,PAC002_U2OS_6H_X3_B1_UNI4445L,BRD-K44084986,Y27632,BIO,C[C@@H](N)[C@H]1CC[C@@H](CC1)C(=O)Nc1ccncc1,BRD-K44084986_20.22,BRD-K44084986-001-03-9_20.22,trt,,rho associated kinase inhibitor,rho associated kinase inhibitor
BRD-K47635719-001-03-9,4.60302,PAC002_U2OS_6H_X3_B1_UNI4445L,BRD-K47635719,dexamethasone acetate,BIO,C[C@@H]1C[C@H]2[C@@H]3CCC4=CC(=O)C=C[C@]4(C)[C@@]3(F)[C@@H](O)C[C@]2(C)[C@@]1(O)C(=O)COC(C)=O,BRD-K47635719_4.6,BRD-K47635719-001-03-9_4.6,trt,,glucocorticoid receptor agonist,glucocorticoid receptor agonist
BRD-K50836978-001-01-7,10.0,PAC002_U2OS_6H_X3_B1_UNI4445L,BRD-K50836978,purvalanol A,BIO,CC(C)[C@H](CO)Nc1nc(Nc2cccc(Cl)c2)c2ncn(C(C)C)c2n1,BRD-K50836978_10.0,BRD-K50836978-001-01-7_10.0,trt,,CDK inhibitor,CDK inhibitor
BRD-K52020312-001-04-5,10.0,PAC002_U2OS_6H_X3_B1_UNI4445L,BRD-K52020312,metronidazole,BIO,Cc1ncc(n1CCO)[N+]([O-])=O,BRD-K52020312_10.0,BRD-K52020312-001-04-5_10.0,trt,,DNA inhibitor,DNA inhibitor
BRD-K52313696-001-01-6,10.0,PAC002_U2OS_6H_X3_B1_UNI4445L,BRD-K52313696,tacedinaline,BIO,CC(=O)Nc1ccc(cc1)C(=O)Nc1ccccc1N,BRD-K52313696_10.0,BRD-K52313696-001-01-6_10.0,trt,,HDAC inhibitor,HDAC inhibitor
BRD-K54330070-001-05-5,15.0901,PAC002_U2OS_6H_X3_B1_UNI4445L,BRD-K54330070,SB-202190,BIO,Oc1ccc(cc1)-c1nc(c([nH]1)-c1ccncc1)-c1ccc(F)cc1,BRD-K54330070_15.09,BRD-K54330070-001-05-5_15.09,trt,,p38 MAPK inhibitor,MAPK inhibitor
BRD-K47105409-001-05-3,16.9892,PAC002_U2OS_6H_X3_B1_UNI4445R,BRD-K47105409,tyrphostin B42,BIO,Oc1ccc(cc1O)\C=C(/C#N)C(=O)NCc1ccccc1,BRD-K47105409_16.99,BRD-K47105409-001-05-3_16.99,trt,,JAK inhibitor,JAK inhibitor
BRD-K47943470-001-02-8,10.0,PAC002_U2OS_6H_X3_B1_UNI4445R,BRD-K47943470,tyrphostin 51,BIO,NC(=C(C#N)C#N)C(\C#N)=C\c1cc(O)c(O)c(O)c1,BRD-K47943470_10.0,BRD-K47943470-001-02-8_10.0,trt,,EGFR inhibitor,EGFR inhibitor
BRD-K49294207-300-01-2,10.0,PAC002_U2OS_6H_X3_B1_UNI4445R,BRD-K49294207,BRD-K49294207,BIO,CCN(CC)CC1CCN(CC1)c1ncc2ncnc(Nc3ccc(F)c(Cl)c3)c2n1,BRD-K49294207_10.0,BRD-K49294207-300-01-2_10.0,trt,,EGFR inhibitor,EGFR inhibitor
BRD-K49448285-001-01-3,10.0,PAC002_U2OS_6H_X3_B1_UNI4445R,BRD-K49448285,bisindolylmaleimide IV,BIO,O=C1NC(=O)C(c2c[nH]c3ccccc23)=C1c1c[nH]c2ccccc12,BRD-K49448285_10.0,BRD-K49448285-001-01-3_10.0,trt,,CDK inhibitor,CDK inhibitor
BRD-K51318897-001-04-7,6.6812,PAC002_U2OS_6H_X3_B1_UNI4445R,BRD-K51318897,fenbendazole,BIO,COC(=O)Nc1nc2ccc(Sc3ccccc3)cc2[nH]1,BRD-K51318897_6.68,BRD-K51318897-001-04-7_6.68,trt,,tubulin polymerization inhibitor,tubulin polymerization inhibitor
BRD-K52662033-001-02-6,21.3368,PAC002_U2OS_6H_X3_B1_UNI4445R,BRD-K52662033,lidocaine,BIO,CCN(CC)CC(=O)Nc1c(C)cccc1C,BRD-K52662033_21.34,BRD-K52662033-001-02-6_21.34,trt,,histamine receptor agonist,histamine receptor agonist
BRD-K54095730-001-01-5,10.0,PAC002_U2OS_6H_X3_B1_UNI4445R,BRD-K54095730,BRD-K54095730,BIO,Oc1ccc(NC(=O)CCCc2ccc(cc2)-c2ccccc2F)cc1,BRD-K54095730_10.0,BRD-K54095730-001-01-5_10.0,trt,,p38 MAPK inhibitor,MAPK inhibitor
BRD-K54790157-001-03-1,10.0,PAC002_U2OS_6H_X3_B1_UNI4445R,BRD-K54790157,trioxysalen,BIO,Cc1cc2cc3c(C)cc(=O)oc3c(C)c2o1,BRD-K54790157_10.0,BRD-K54790157-001-03-1_10.0,trt,,DNA synthesis inhibitor,DNA inhibitor
BRD-K57886322-001-03-4,4.04429,PAC002_U2OS_6H_X3_B1_UNI4445R,BRD-K57886322,fluocinonide,BIO,CC(=O)OCC(=O)[C@@]12OC(C)(C)O[C@@H]1C[C@H]1[C@@H]3C[C@H](F)C4=CC(=O)C=C[C@]4(C)[C@@]3(F)[C@@H](O)C[C@]21C,BRD-K57886322_4.04,BRD-K57886322-001-03-4_4.04,trt,,glucocorticoid receptor agonist,glucocorticoid receptor agonist
BRD-K59184148-001-04-2,10.0,PAC002_U2OS_6H_X3_B1_UNI4445R,BRD-K59184148,BRD-K59184148,BIO,Cn1cc(C2=C(C(=O)NC2=O)c2ccc(Cl)cc2Cl)c2ccccc12,BRD-K59184148_10.0,BRD-K59184148-001-04-2_10.0,trt,,glycogen synthase kinase inhibitor,CDK inhibitor
BRD-K60230970-001-04-3,10.5126,PAC002_U2OS_6H_X3_B1_UNI4445R,BRD-K60230970,MG-132,BIO,CC(C)C[C@H](NC(=O)[C@H](CC(C)C)NC(=O)[C@H](CC(C)C)NC(=O)OCc1ccccc1)C=O,BRD-K60230970_10.51,BRD-K60230970-001-04-3_10.51,trt,,proteasome inhibitor,proteasome inhibitor
BRD-K60511616-236-01-4,10.0,PAC002_U2OS_6H_X3_B1_UNI4445R,BRD-K60511616,BRD-K60511616,BIO,CC[C@H](C)C(=O)O[C@H]1C[C@H](O)C=C2C=C[C@H](C)[C@H](CC[C@@H](O)C[C@@H](O)CC(O)=O)[C@@H]12,BRD-K60511616_10.0,BRD-K60511616-236-01-4_10.0,trt,,HMGCR inhibitor,HMGCR inhibitor
BRD-K18574842-323-03-3,4.39097,PAC003_U2OS_6H_X2_B1_UNI4445L,BRD-K18574842,nafcillin,BIO,CCOc1ccc2ccccc2c1C(=O)N[C@H]1[C@H]2SC(C)(C)[C@@H](N2C1=O)C(O)=O,BRD-K18574842_4.39,BRD-K18574842-323-03-3_4.39,trt,,bacterial cell wall synthesis inhibitor,bacterial cell wall synthesis inhibitor
BRD-K18787491-001-05-2,13.141,PAC003_U2OS_6H_X2_B1_UNI4445L,BRD-K18787491,U0126,BIO,N\C(Sc1ccccc1N)=C(C#N)/C(C#N)=C(\N)Sc1ccccc1N,BRD-K18787491_13.14,BRD-K18787491-001-05-2_13.14,trt,,MEK inhibitor,MEK inhibitor
BRD-K21680192-300-05-2,3.86546,PAC003_U2OS_6H_X2_B1_UNI4445L,BRD-K21680192,mitoxantrone,POS,OCCNCCNc1ccc(NCCNCCO)c2C(=O)c3c(O)ccc(O)c3C(=O)c12,BRD-K21680192_3.87,BRD-K21680192-300-05-2_3.87,trt,,topoisomerase inhibitor,DNA inhibitor
BRD-K21853356-001-04-4,18.173,PAC003_U2OS_6H_X2_B1_UNI4445L,BRD-K21853356,RG-14620,BIO,Clc1cc(Cl)cc(c1)\C=C(/C#N)c1cccnc1,BRD-K21853356_18.17,BRD-K21853356-001-04-4_18.17,trt,,EGFR inhibitor,EGFR inhibitor
BRD-K22134346-001-04-1,10.0,PAC003_U2OS_6H_X2_B1_UNI4445L,BRD-K22134346,simvastatin,BIO,CCC(C)(C)C(=O)O[C@H]1C[C@@H](C)C=C2C=C[C@H](C)[C@H](CC[C@@H]3C[C@@H](O)CC(=O)O3)[C@@H]12,BRD-K22134346_10.0,BRD-K22134346-001-04-1_10.0,trt,,HMGCR inhibitor,HMGCR inhibitor
BRD-K23478508-001-03-7,2.56102,PAC003_U2OS_6H_X2_B1_UNI4445L,BRD-K23478508,digoxin,BIO,C[C@H]1O[C@H](C[C@H](O)[C@@H]1O)O[C@H]1[C@@H](O)C[C@H](O[C@H]2[C@@H](O)C[C@H](O[C@H]3CC[C@@]4(C)[C@H](CC[C@@H]5[C@@H]4C[C@@H](O)[C@]4(C)[C@H](CC[C@]54O)C4=CC(=O)OC4)C3)O[C@@H]2C)O[C@@H]1C,BRD-K23478508_2.56,BRD-K23478508-001-03-7_2.56,trt,,ATPase inhibitor,ATPase inhibitor
BRD-K23541596-300-04-9,10.0,PAC003_U2OS_6H_X2_B1_UNI4445L,BRD-K23541596,dimaprit,BIO,CN(C)CCCSC(N)=N,BRD-K23541596_10.0,BRD-K23541596-300-04-9_10.0,trt,,histamine receptor agonist,histamine receptor agonist
BRD-K32828673-001-01-5,10.0,PAC003_U2OS_6H_X2_B1_UNI4445L,BRD-K32828673,chelidonine,BIO,CN1Cc2c3OCOc3ccc2[C@H]2[C@@H](O)Cc3cc4OCOc4cc3[C@@H]12,BRD-K32828673_10.0,BRD-K32828673-001-01-5_10.0,trt,,tubulin polymerization inhibitor,tubulin polymerization inhibitor
BRD-K35240538-001-03-1,5.34087,PAC003_U2OS_6H_X2_B1_UNI4445L,BRD-K35240538,methylprednisolone,BIO,C[C@H]1C[C@H]2[C@@H]3CC[C@](O)(C(=O)CO)[C@@]3(C)C[C@H](O)[C@@H]2[C@@]2(C)C=CC(=O)C=C12,BRD-K35240538_5.34,BRD-K35240538-001-03-1_5.34,trt,,glucocorticoid receptor agonist,glucocorticoid receptor agonist
BRD-K37798499-001-02-5,3.39814,PAC003_U2OS_6H_X2_B1_UNI4445L,BRD-K37798499,etoposide,BIO,COc1cc(cc(OC)c1O)[C@H]1[C@@H]2[C@H](COC2=O)[C@H](O[C@@H]2O[C@@H]3CO[C@@H](C)O[C@H]3[C@H](O)[C@H]2O)c2cc3OCOc3cc12,BRD-K37798499_3.4,BRD-K37798499-001-02-5_3.4,trt,,topoisomerase inhibitor,DNA inhibitor
BRD-K38775274-001-02-3,12.7401,PAC003_U2OS_6H_X2_B1_UNI4445L,BRD-K38775274,dexamethasone,BIO,C[C@@H]1C[C@H]2[C@@H]3CCC4=CC(=O)C=C[C@]4(C)[C@@]3(F)[C@@H](O)C[C@]2(C)[C@@]1(O)C(=O)CO,BRD-K38775274_12.74,BRD-K38775274-001-02-3_12.74,trt,,glucocorticoid receptor agonist,glucocorticoid receptor agonist
BRD-K39188321-001-03-9,5.09605,PAC003_U2OS_6H_X2_B1_UNI4445L,BRD-K39188321,betamethasone,BIO,C[C@H]1C[C@H]2[C@@H]3CCC4=CC(=O)C=C[C@]4(C)[C@@]3(F)[C@@H](O)C[C@]2(C)[C@@]1(O)C(=O)CO,BRD-K39188321_5.1,BRD-K39188321-001-03-9_5.1,trt,,glucocorticoid receptor agonist,glucocorticoid receptor agonist
BRD-K25906698-303-01-9,10.0,PAC003_U2OS_6H_X2_B1_UNI4445R,BRD-K25906698,BRD-K25906698,BIO,C(C1CCNCC1)c1c[nH]cn1,BRD-K25906698_10.0,BRD-K25906698-303-01-9_10.0,trt,,histamine receptor agonist,histamine receptor agonist
BRD-K31627533-001-03-8,5.39775,PAC003_U2OS_6H_X2_B1_UNI4445R,BRD-K31627533,rimexolone,BIO,CCC(=O)[C@@]1(C)[C@H](C)C[C@H]2[C@@H]3CCC4=CC(=O)C=C[C@]4(C)[C@H]3[C@@H](O)C[C@]12C,BRD-K31627533_5.4,BRD-K31627533-001-03-8_5.4,trt,,glucocorticoid receptor agonist,glucocorticoid receptor agonist
BRD-K32292990-001-01-0,10.0,PAC003_U2OS_6H_X2_B1_UNI4445R,BRD-K32292990,BRD-K32292990,BIO,Fc1ccc(Nc2cc3C(=O)NC(=O)c3cc2Nc2ccc(F)cc2)cc1,BRD-K32292990_10.0,BRD-K32292990-001-01-0_10.0,trt,,EGFR inhibitor,EGFR inhibitor
BRD-K35708212-331-03-1,2.74433,PAC003_U2OS_6H_X2_B1_UNI4445R,BRD-K35708212,ouabain,BIO,C[C@@H]1O[C@@H](O[C@H]2C[C@@H](O)[C@]3(CO)[C@H]4[C@H](O)C[C@]5(C)[C@H](CC[C@]5(O)[C@@H]4CC[C@]3(O)C2)C2=CC(=O)OC2)[C@H](O)[C@H](O)[C@H]1O,BRD-K35708212_2.74,BRD-K35708212-331-03-1_2.74,trt,,ATPase inhibitor,ATPase inhibitor
BRD-K39670393-303-01-3,10.0,PAC003_U2OS_6H_X2_B1_UNI4445R,BRD-K39670393,BRD-K39670393,BIO,Cc1nc(N)sc1CCN,BRD-K39670393_10.0,BRD-K39670393-303-01-3_10.0,trt,,histamine receptor agonist,histamine receptor agonist
BRD-K18574842-323-03-3,4.39097,PAC003_U2OS_6H_X3_B1_UNI4445L,BRD-K18574842,nafcillin,BIO,CCOc1ccc2ccccc2c1C(=O)N[C@H]1[C@H]2SC(C)(C)[C@@H](N2C1=O)C(O)=O,BRD-K18574842_4.39,BRD-K18574842-323-03-3_4.39,trt,,bacterial cell wall synthesis inhibitor,bacterial cell wall synthesis inhibitor
BRD-K18787491-001-05-2,13.141,PAC003_U2OS_6H_X3_B1_UNI4445L,BRD-K18787491,U0126,BIO,N\C(Sc1ccccc1N)=C(C#N)/C(C#N)=C(\N)Sc1ccccc1N,BRD-K18787491_13.14,BRD-K18787491-001-05-2_13.14,trt,,MEK inhibitor,MEK inhibitor
BRD-K21680192-300-05-2,3.86546,PAC003_U2OS_6H_X3_B1_UNI4445L,BRD-K21680192,mitoxantrone,POS,OCCNCCNc1ccc(NCCNCCO)c2C(=O)c3c(O)ccc(O)c3C(=O)c12,BRD-K21680192_3.87,BRD-K21680192-300-05-2_3.87,trt,,topoisomerase inhibitor,DNA inhibitor
BRD-K21853356-001-04-4,18.173,PAC003_U2OS_6H_X3_B1_UNI4445L,BRD-K21853356,RG-14620,BIO,Clc1cc(Cl)cc(c1)\C=C(/C#N)c1cccnc1,BRD-K21853356_18.17,BRD-K21853356-001-04-4_18.17,trt,,EGFR inhibitor,EGFR inhibitor
BRD-K22134346-001-04-1,10.0,PAC003_U2OS_6H_X3_B1_UNI4445L,BRD-K22134346,simvastatin,BIO,CCC(C)(C)C(=O)O[C@H]1C[C@@H](C)C=C2C=C[C@H](C)[C@H](CC[C@@H]3C[C@@H](O)CC(=O)O3)[C@@H]12,BRD-K22134346_10.0,BRD-K22134346-001-04-1_10.0,trt,,HMGCR inhibitor,HMGCR inhibitor
BRD-K23478508-001-03-7,2.56102,PAC003_U2OS_6H_X3_B1_UNI4445L,BRD-K23478508,digoxin,BIO,C[C@H]1O[C@H](C[C@H](O)[C@@H]1O)O[C@H]1[C@@H](O)C[C@H](O[C@H]2[C@@H](O)C[C@H](O[C@H]3CC[C@@]4(C)[C@H](CC[C@@H]5[C@@H]4C[C@@H](O)[C@]4(C)[C@H](CC[C@]54O)C4=CC(=O)OC4)C3)O[C@@H]2C)O[C@@H]1C,BRD-K23478508_2.56,BRD-K23478508-001-03-7_2.56,trt,,ATPase inhibitor,ATPase inhibitor
BRD-K23541596-300-04-9,10.0,PAC003_U2OS_6H_X3_B1_UNI4445L,BRD-K23541596,dimaprit,BIO,CN(C)CCCSC(N)=N,BRD-K23541596_10.0,BRD-K23541596-300-04-9_10.0,trt,,histamine receptor agonist,histamine receptor agonist
BRD-K32828673-001-01-5,10.0,PAC003_U2OS_6H_X3_B1_UNI4445L,BRD-K32828673,chelidonine,BIO,CN1Cc2c3OCOc3ccc2[C@H]2[C@@H](O)Cc3cc4OCOc4cc3[C@@H]12,BRD-K32828673_10.0,BRD-K32828673-001-01-5_10.0,trt,,tubulin polymerization inhibitor,tubulin polymerization inhibitor
BRD-K35240538-001-03-1,5.34087,PAC003_U2OS_6H_X3_B1_UNI4445L,BRD-K35240538,methylprednisolone,BIO,C[C@H]1C[C@H]2[C@@H]3CC[C@](O)(C(=O)CO)[C@@]3(C)C[C@H](O)[C@@H]2[C@@]2(C)C=CC(=O)C=C12,BRD-K35240538_5.34,BRD-K35240538-001-03-1_5.34,trt,,glucocorticoid receptor agonist,glucocorticoid receptor agonist
BRD-K37798499-001-02-5,3.39814,PAC003_U2OS_6H_X3_B1_UNI4445L,BRD-K37798499,etoposide,BIO,COc1cc(cc(OC)c1O)[C@H]1[C@@H]2[C@H](COC2=O)[C@H](O[C@@H]2O[C@@H]3CO[C@@H](C)O[C@H]3[C@H](O)[C@H]2O)c2cc3OCOc3cc12,BRD-K37798499_3.4,BRD-K37798499-001-02-5_3.4,trt,,topoisomerase inhibitor,DNA inhibitor
BRD-K38775274-001-02-3,12.7401,PAC003_U2OS_6H_X3_B1_UNI4445L,BRD-K38775274,dexamethasone,BIO,C[C@@H]1C[C@H]2[C@@H]3CCC4=CC(=O)C=C[C@]4(C)[C@@]3(F)[C@@H](O)C[C@]2(C)[C@@]1(O)C(=O)CO,BRD-K38775274_12.74,BRD-K38775274-001-02-3_12.74,trt,,glucocorticoid receptor agonist,glucocorticoid receptor agonist
BRD-K39188321-001-03-9,5.09605,PAC003_U2OS_6H_X3_B1_UNI4445L,BRD-K39188321,betamethasone,BIO,C[C@H]1C[C@H]2[C@@H]3CCC4=CC(=O)C=C[C@]4(C)[C@@]3(F)[C@@H](O)C[C@]2(C)[C@@]1(O)C(=O)CO,BRD-K39188321_5.1,BRD-K39188321-001-03-9_5.1,trt,,glucocorticoid receptor agonist,glucocorticoid receptor agonist
BRD-K25906698-303-01-9,10.0,PAC003_U2OS_6H_X3_B1_UNI4445R,BRD-K25906698,BRD-K25906698,BIO,C(C1CCNCC1)c1c[nH]cn1,BRD-K25906698_10.0,BRD-K25906698-303-01-9_10.0,trt,,histamine receptor agonist,histamine receptor agonist
BRD-K31627533-001-03-8,5.39775,PAC003_U2OS_6H_X3_B1_UNI4445R,BRD-K31627533,rimexolone,BIO,CCC(=O)[C@@]1(C)[C@H](C)C[C@H]2[C@@H]3CCC4=CC(=O)C=C[C@]4(C)[C@H]3[C@@H](O)C[C@]12C,BRD-K31627533_5.4,BRD-K31627533-001-03-8_5.4,trt,,glucocorticoid receptor agonist,glucocorticoid receptor agonist
BRD-K32292990-001-01-0,10.0,PAC003_U2OS_6H_X3_B1_UNI4445R,BRD-K32292990,BRD-K32292990,BIO,Fc1ccc(Nc2cc3C(=O)NC(=O)c3cc2Nc2ccc(F)cc2)cc1,BRD-K32292990_10.0,BRD-K32292990-001-01-0_10.0,trt,,EGFR inhibitor,EGFR inhibitor
BRD-K35708212-331-03-1,2.74433,PAC003_U2OS_6H_X3_B1_UNI4445R,BRD-K35708212,ouabain,BIO,C[C@@H]1O[C@@H](O[C@H]2C[C@@H](O)[C@]3(CO)[C@H]4[C@H](O)C[C@]5(C)[C@H](CC[C@]5(O)[C@@H]4CC[C@]3(O)C2)C2=CC(=O)OC2)[C@H](O)[C@H](O)[C@H]1O,BRD-K35708212_2.74,BRD-K35708212-331-03-1_2.74,trt,,ATPase inhibitor,ATPase inhibitor
BRD-K39670393-303-01-3,10.0,PAC003_U2OS_6H_X3_B1_UNI4445R,BRD-K39670393,BRD-K39670393,BIO,Cc1nc(N)sc1CCN,BRD-K39670393_10.0,BRD-K39670393-303-01-3_10.0,trt,,histamine receptor agonist,histamine receptor agonist
BRD-K00824317-001-03-0,4.58176,PAC004_U2OS_6H_X1_B1_UNI4445L,BRD-K00824317,fludroxycortide,BIO,CC1(C)O[C@@H]2C[C@H]3[C@@H]4C[C@H](F)C5=CC(=O)CC[C@]5(C)[C@H]4[C@@H](O)C[C@]3(C)[C@@]2(O1)C(=O)CO,BRD-K00824317_4.58,BRD-K00824317-001-03-0_4.58,trt,,glucocorticoid receptor agonist,glucocorticoid receptor agonist
BRD-K02275692-003-03-4,3.55816,PAC004_U2OS_6H_X1_B1_UNI4445L,BRD-K02275692,cefotiam,BIO,CN(C)CCn1nnnc1SCC1=C(N2[C@H](SC1)[C@H](NC(=O)Cc1csc(N)n1)C2=O)C(O)=O,BRD-K02275692_3.56,BRD-K02275692-003-03-4_3.56,trt,,bacterial cell wall synthesis inhibitor,bacterial cell wall synthesis inhibitor
BRD-K02407574-001-03-0,8.08757,PAC004_U2OS_6H_X1_B1_UNI4445L,BRD-K02407574,parbendazole,BIO,CCCCc1ccc2[nH]c(NC(=O)OC)nc2c1,BRD-K02407574_8.09,BRD-K02407574-001-03-0_8.09,trt,,tubulin polymerization inhibitor,tubulin polymerization inhibitor
BRD-K07117950-001-02-6,10.0,PAC004_U2OS_6H_X1_B1_UNI4445L,BRD-K07117950,imperatorin,BIO,CC(C)=CCOc1c2occc2cc2ccc(=O)oc12,BRD-K07117950_10.0,BRD-K07117950-001-02-6_10.0,trt,,CDK inhibitor,CDK inhibitor
BRD-K09416995-001-16-7,10.0,PAC004_U2OS_6H_X1_B1_UNI4445L,BRD-K09416995,lovastatin,BIO,CC[C@H](C)C(=O)O[C@H]1C[C@@H](C)C=C2C=C[C@H](C)[C@H](CC[C@@H]3C[C@@H](O)CC(=O)O3)[C@@H]12,BRD-K09416995_10.0,BRD-K09416995-001-16-7_10.0,trt,,HMGCR inhibitor,HMGCR inhibitor
BRD-K09598619-065-01-5,10.0,PAC004_U2OS_6H_X1_B1_UNI4445L,BRD-K09598619,vincristine,BIO,CC[C@]1(O)C[C@H]2CN(C1)CCc1c([nH]c3ccccc13)[C@@](C2)(C(=O)OC)c1cc2c(cc1OC)N(C=O)[C@@H]1[C@]22CCN3CC=C[C@@](CC)([C@@H]23)[C@@H](OC(C)=O)[C@]1(O)C(=O)OC,BRD-K09598619_10.0,BRD-K09598619-065-01-5_10.0,trt,,tubulin polymerization inhibitor,tubulin polymerization inhibitor
BRD-K12539581-001-06-2,16.5936,PAC004_U2OS_6H_X1_B1_UNI4445L,BRD-K12539581,nocodazole,BIO,COC(=O)Nc1nc2cc(ccc2[nH]1)C(=O)c1cccs1,BRD-K12539581_16.59,BRD-K12539581-001-06-2_16.59,trt,,tubulin polymerization inhibitor,tubulin polymerization inhibitor
BRD-K15766189-001-02-3,10.0,PAC004_U2OS_6H_X1_B1_UNI4445L,BRD-K15766189,cefdinir,BIO,Nc1nc(cs1)C(=N\O)\C(=O)N[C@H]1[C@H]2SCC(C=C)=C(N2C1=O)C(O)=O,BRD-K15766189_10.0,BRD-K15766189-001-02-3_10.0,trt,,bacterial cell wall synthesis inhibitor,bacterial cell wall synthesis inhibitor
BRD-A99402294-236-02-0,10.0,PAC004_U2OS_6H_X1_B1_UNI4445R,BRD-A99402294,nafcillin,BIO,CCOc1ccc2ccccc2c1NC(=O)[C@H]1[C@H]2SC(C)(C)C(N2C1=O)C(O)=O,BRD-A99402294_10.0,BRD-A99402294-236-02-0_10.0,trt,,bacterial cell wall synthesis inhibitor,bacterial cell wall synthesis inhibitor
BRD-K01244426-236-04-8,10.0,PAC004_U2OS_6H_X1_B1_UNI4445R,BRD-K01244426,cloxacillin,BIO,Cc1onc(c1C(=O)N[C@H]1[C@H]2SC(C)(C)[C@@H](N2C1=O)C(O)=O)-c1ccccc1Cl,BRD-K01244426_10.0,BRD-K01244426-236-04-8_10.0,trt,,bacterial cell wall synthesis inhibitor,bacterial cell wall synthesis inhibitor
BRD-K03602135-236-02-1,4.60346,PAC004_U2OS_6H_X1_B1_UNI4445R,BRD-K03602135,fluvastatin,BIO,CC(C)n1c(\C=C\[C@H](O)C[C@H](O)CC(O)=O)c(-c2ccc(F)cc2)c2ccccc12,BRD-K03602135_4.6,BRD-K03602135-236-02-1_4.6,trt,,HMGCR inhibitor,HMGCR inhibitor
BRD-K03670461-001-02-0,10.0,PAC004_U2OS_6H_X1_B1_UNI4445R,BRD-K03670461,tyrphostin AG 82,BIO,Oc1cc(C=C(C#N)C#N)cc(O)c1O,BRD-K03670461_10.0,BRD-K03670461-001-02-0_10.0,trt,,EGFR inhibitor,EGFR inhibitor
BRD-K05464208-001-01-6,10.0,PAC004_U2OS_6H_X1_B1_UNI4445R,BRD-K05464208,BRD-K05464208,BIO,COc1cc(SC)ccc1C(=O)N1CCC(Cc2ccccc2)CC1,BRD-K05464208_10.0,BRD-K05464208-001-01-6_10.0,trt,,p38 MAPK inhibitor,MAPK inhibitor
BRD-K06753942-001-02-0,10.0,PAC004_U2OS_6H_X1_B1_UNI4445R,BRD-K06753942,nobiletin,BIO,COc1ccc(cc1OC)-c1cc(=O)c2c(OC)c(OC)c(OC)c(OC)c2o1,BRD-K06753942_10.0,BRD-K06753942-001-02-0_10.0,trt,,MEK inhibitor,MEK inhibitor
BRD-K07691486-001-05-6,14.1064,PAC004_U2OS_6H_X1_B1_UNI4445R,BRD-K07691486,roscovitine,BIO,CC[C@H](CO)Nc1nc(NCc2ccccc2)c2ncn(C(C)C)c2n1,BRD-K07691486_14.11,BRD-K07691486-001-05-6_14.11,trt,,CDK inhibitor,CDK inhibitor
BRD-K08132273-001-01-6,10.0,PAC004_U2OS_6H_X1_B1_UNI4445R,BRD-K08132273,BRD-K08132273,BIO,COc1cc(C=C(C#N)C(N)=O)cc(CSc2nc3ccccc3s2)c1O,BRD-K08132273_10.0,BRD-K08132273-001-01-6_10.0,trt,,EGFR inhibitor,EGFR inhibitor
BRD-K08287586-001-03-6,10.2972,PAC004_U2OS_6H_X1_B1_UNI4445R,BRD-K08287586,butylparaben,BIO,CCCCOC(=O)c1ccc(O)cc1,BRD-K08287586_10.3,BRD-K08287586-001-03-6_10.3,trt,,DNA synthesis inhibitor,DNA inhibitor
BRD-K11158509-001-02-0,10.0,PAC004_U2OS_6H_X1_B1_UNI4445R,BRD-K11158509,tyrphostin B44,BIO,C[C@@H](NC(=O)C(=C/c1ccc(O)c(O)c1)\C#N)c1ccccc1,BRD-K11158509_10.0,BRD-K11158509-001-02-0_10.0,trt,,EGFR inhibitor,EGFR inhibitor
BRD-K12244279-001-01-7,10.0,PAC004_U2OS_6H_X1_B1_UNI4445R,BRD-K12244279,MEK1/2 inhibitor,BIO,N\C(Sc1ccc(N)cc1)=C(\C#N)c1ccccc1C(F)(F)F,BRD-K12244279_10.0,BRD-K12244279-001-01-7_10.0,trt,,MEK inhibitor,MEK inhibitor
BRD-K13169950-001-04-5,10.0,PAC004_U2OS_6H_X1_B1_UNI4445R,BRD-K13169950,5-nitroso-8-cinnolinol,BIO,Oc1ccc([N+][O-])c2cccnc12,BRD-K13169950_10.0,BRD-K13169950-001-04-5_10.0,trt,,HDAC inhibitor,HDAC inhibitor
BRD-K14441456-001-01-2,10.0,PAC004_U2OS_6H_X1_B1_UNI4445R,BRD-K14441456,BRD-K14441456,BIO,Oc1ccc(C=C(C#N)C(=O)NCCCCc2ccccc2)cc1O,BRD-K14441456_10.0,BRD-K14441456-001-01-2_10.0,trt,,EGFR inhibitor,EGFR inhibitor
BRD-K16977723-001-01-0,10.0,PAC004_U2OS_6H_X1_B1_UNI4445R,BRD-K16977723,PP3,BIO,Nc1ncnc2n(ncc12)-c1ccccc1,BRD-K16977723_10.0,BRD-K16977723-001-01-0_10.0,trt,,EGFR inhibitor,EGFR inhibitor
BRD-K00824317-001-03-0,4.58176,PAC004_U2OS_6H_X2_B1_UNI4445L,BRD-K00824317,fludroxycortide,BIO,CC1(C)O[C@@H]2C[C@H]3[C@@H]4C[C@H](F)C5=CC(=O)CC[C@]5(C)[C@H]4[C@@H](O)C[C@]3(C)[C@@]2(O1)C(=O)CO,BRD-K00824317_4.58,BRD-K00824317-001-03-0_4.58,trt,,glucocorticoid receptor agonist,glucocorticoid receptor agonist
BRD-K02275692-003-03-4,3.55816,PAC004_U2OS_6H_X2_B1_UNI4445L,BRD-K02275692,cefotiam,BIO,CN(C)CCn1nnnc1SCC1=C(N2[C@H](SC1)[C@H](NC(=O)Cc1csc(N)n1)C2=O)C(O)=O,BRD-K02275692_3.56,BRD-K02275692-003-03-4_3.56,trt,,bacterial cell wall synthesis inhibitor,bacterial cell wall synthesis inhibitor
BRD-K02407574-001-03-0,8.08757,PAC004_U2OS_6H_X2_B1_UNI4445L,BRD-K02407574,parbendazole,BIO,CCCCc1ccc2[nH]c(NC(=O)OC)nc2c1,BRD-K02407574_8.09,BRD-K02407574-001-03-0_8.09,trt,,tubulin polymerization inhibitor,tubulin polymerization inhibitor
BRD-K09416995-001-16-7,10.0,PAC004_U2OS_6H_X2_B1_UNI4445L,BRD-K09416995,lovastatin,BIO,CC[C@H](C)C(=O)O[C@H]1C[C@@H](C)C=C2C=C[C@H](C)[C@H](CC[C@@H]3C[C@@H](O)CC(=O)O3)[C@@H]12,BRD-K09416995_10.0,BRD-K09416995-001-16-7_10.0,trt,,HMGCR inhibitor,HMGCR inhibitor
BRD-K09598619-065-01-5,10.0,PAC004_U2OS_6H_X2_B1_UNI4445L,BRD-K09598619,vincristine,BIO,CC[C@]1(O)C[C@H]2CN(C1)CCc1c([nH]c3ccccc13)[C@@](C2)(C(=O)OC)c1cc2c(cc1OC)N(C=O)[C@@H]1[C@]22CCN3CC=C[C@@](CC)([C@@H]23)[C@@H](OC(C)=O)[C@]1(O)C(=O)OC,BRD-K09598619_10.0,BRD-K09598619-065-01-5_10.0,trt,,tubulin polymerization inhibitor,tubulin polymerization inhibitor
BRD-K12539581-001-06-2,16.5936,PAC004_U2OS_6H_X2_B1_UNI4445L,BRD-K12539581,nocodazole,BIO,COC(=O)Nc1nc2cc(ccc2[nH]1)C(=O)c1cccs1,BRD-K12539581_16.59,BRD-K12539581-001-06-2_16.59,trt,,tubulin polymerization inhibitor,tubulin polymerization inhibitor
BRD-K15766189-001-02-3,10.0,PAC004_U2OS_6H_X2_B1_UNI4445L,BRD-K15766189,cefdinir,BIO,Nc1nc(cs1)C(=N\O)\C(=O)N[C@H]1[C@H]2SCC(C=C)=C(N2C1=O)C(O)=O,BRD-K15766189_10.0,BRD-K15766189-001-02-3_10.0,trt,,bacterial cell wall synthesis inhibitor,bacterial cell wall synthesis inhibitor
BRD-A99402294-236-02-0,10.0,PAC004_U2OS_6H_X2_B1_UNI4445R,BRD-A99402294,nafcillin,BIO,CCOc1ccc2ccccc2c1NC(=O)[C@H]1[C@H]2SC(C)(C)C(N2C1=O)C(O)=O,BRD-A99402294_10.0,BRD-A99402294-236-02-0_10.0,trt,,bacterial cell wall synthesis inhibitor,bacterial cell wall synthesis inhibitor
BRD-K01244426-236-04-8,10.0,PAC004_U2OS_6H_X2_B1_UNI4445R,BRD-K01244426,cloxacillin,BIO,Cc1onc(c1C(=O)N[C@H]1[C@H]2SC(C)(C)[C@@H](N2C1=O)C(O)=O)-c1ccccc1Cl,BRD-K01244426_10.0,BRD-K01244426-236-04-8_10.0,trt,,bacterial cell wall synthesis inhibitor,bacterial cell wall synthesis inhibitor
BRD-K03602135-236-02-1,4.60346,PAC004_U2OS_6H_X2_B1_UNI4445R,BRD-K03602135,fluvastatin,BIO,CC(C)n1c(\C=C\[C@H](O)C[C@H](O)CC(O)=O)c(-c2ccc(F)cc2)c2ccccc12,BRD-K03602135_4.6,BRD-K03602135-236-02-1_4.6,trt,,HMGCR inhibitor,HMGCR inhibitor
BRD-K03670461-001-02-0,10.0,PAC004_U2OS_6H_X2_B1_UNI4445R,BRD-K03670461,tyrphostin AG 82,BIO,Oc1cc(C=C(C#N)C#N)cc(O)c1O,BRD-K03670461_10.0,BRD-K03670461-001-02-0_10.0,trt,,EGFR inhibitor,EGFR inhibitor
BRD-K05464208-001-01-6,10.0,PAC004_U2OS_6H_X2_B1_UNI4445R,BRD-K05464208,BRD-K05464208,BIO,COc1cc(SC)ccc1C(=O)N1CCC(Cc2ccccc2)CC1,BRD-K05464208_10.0,BRD-K05464208-001-01-6_10.0,trt,,p38 MAPK inhibitor,MAPK inhibitor
BRD-K06753942-001-02-0,10.0,PAC004_U2OS_6H_X2_B1_UNI4445R,BRD-K06753942,nobiletin,BIO,COc1ccc(cc1OC)-c1cc(=O)c2c(OC)c(OC)c(OC)c(OC)c2o1,BRD-K06753942_10.0,BRD-K06753942-001-02-0_10.0,trt,,MEK inhibitor,MEK inhibitor
BRD-K07691486-001-05-6,14.1064,PAC004_U2OS_6H_X2_B1_UNI4445R,BRD-K07691486,roscovitine,BIO,CC[C@H](CO)Nc1nc(NCc2ccccc2)c2ncn(C(C)C)c2n1,BRD-K07691486_14.11,BRD-K07691486-001-05-6_14.11,trt,,CDK inhibitor,CDK inhibitor
BRD-K08132273-001-01-6,10.0,PAC004_U2OS_6H_X2_B1_UNI4445R,BRD-K08132273,BRD-K08132273,BIO,COc1cc(C=C(C#N)C(N)=O)cc(CSc2nc3ccccc3s2)c1O,BRD-K08132273_10.0,BRD-K08132273-001-01-6_10.0,trt,,EGFR inhibitor,EGFR inhibitor
BRD-K08287586-001-03-6,10.2972,PAC004_U2OS_6H_X2_B1_UNI4445R,BRD-K08287586,butylparaben,BIO,CCCCOC(=O)c1ccc(O)cc1,BRD-K08287586_10.3,BRD-K08287586-001-03-6_10.3,trt,,DNA synthesis inhibitor,DNA inhibitor
BRD-K11158509-001-02-0,10.0,PAC004_U2OS_6H_X2_B1_UNI4445R,BRD-K11158509,tyrphostin B44,BIO,C[C@@H](NC(=O)C(=C/c1ccc(O)c(O)c1)\C#N)c1ccccc1,BRD-K11158509_10.0,BRD-K11158509-001-02-0_10.0,trt,,EGFR inhibitor,EGFR inhibitor
BRD-K12244279-001-01-7,10.0,PAC004_U2OS_6H_X2_B1_UNI4445R,BRD-K12244279,MEK1/2 inhibitor,BIO,N\C(Sc1ccc(N)cc1)=C(\C#N)c1ccccc1C(F)(F)F,BRD-K12244279_10.0,BRD-K12244279-001-01-7_10.0,trt,,MEK inhibitor,MEK inhibitor
BRD-K13169950-001-04-5,10.0,PAC004_U2OS_6H_X2_B1_UNI4445R,BRD-K13169950,5-nitroso-8-cinnolinol,BIO,Oc1ccc([N+][O-])c2cccnc12,BRD-K13169950_10.0,BRD-K13169950-001-04-5_10.0,trt,,HDAC inhibitor,HDAC inhibitor
BRD-K14441456-001-01-2,10.0,PAC004_U2OS_6H_X2_B1_UNI4445R,BRD-K14441456,BRD-K14441456,BIO,Oc1ccc(C=C(C#N)C(=O)NCCCCc2ccccc2)cc1O,BRD-K14441456_10.0,BRD-K14441456-001-01-2_10.0,trt,,EGFR inhibitor,EGFR inhibitor
BRD-K16977723-001-01-0,10.0,PAC004_U2OS_6H_X2_B1_UNI4445R,BRD-K16977723,PP3,BIO,Nc1ncnc2n(ncc12)-c1ccccc1,BRD-K16977723_10.0,BRD-K16977723-001-01-0_10.0,trt,,EGFR inhibitor,EGFR inhibitor
BRD-A67552019-001-02-2,8.55209,PAC005_U2OS_6H_X1_B1_UNI4445L,BRD-A67552019,ouabain,BIO,CC1OC(O[C@H]2C[C@@H](O)[C@]3(CO)[C@H]4[C@H](O)C[C@]5(C)[C@H](CC[C@]5(O)[C@@H]4CC[C@]3(O)C2)C2=CC(=O)OC2)C(O)C(O)C1O,BRD-A67552019_8.55,BRD-A67552019-001-02-2_8.55,trt,,ATPase inhibitor,ATPase inhibitor
BRD-A71816415-236-02-7,10.0,PAC005_U2OS_6H_X1_B1_UNI4445L,BRD-A71816415,pravastatin,BIO,CCC(C)C(=O)O[C@H]1C[C@H](O)C=C2C=C[C@H](C)[C@H](CC[C@@H](O)C[C@@H](O)CC(O)=O)C12,BRD-A71816415_10.0,BRD-A71816415-236-02-7_10.0,trt,,HMGCR inhibitor,HMGCR inhibitor
BRD-A49172652-001-13-1,10.0,PAC005_U2OS_6H_X1_B1_UNI4445R,BRD-A49172652,lansoprazole,BIO,Cc1c(OCC(F)(F)F)ccnc1CS(=O)c1nc2ccccc2[nH]1,BRD-A49172652_10.0,BRD-A49172652-001-13-1_10.0,trt,,ATPase inhibitor,ATPase inhibitor
BRD-A63894585-001-03-4,4.28293,PAC005_U2OS_6H_X1_B1_UNI4445R,BRD-A63894585,clobetasol propionate,BIO,CCC(=O)OC1([C@@H](C)C[C@H]2[C@@H]3CCC4=CC(=O)C=C[C@]4(C)[C@@]3(F)[C@@H](O)C[C@]12C)C(=O)CCl,BRD-A63894585_4.28,BRD-A63894585-001-03-4_4.28,trt,,glucocorticoid receptor agonist,glucocorticoid receptor agonist
BRD-A66025870-237-05-1,4.95645,PAC005_U2OS_6H_X1_B1_UNI4445R,BRD-A66025870,pheneticillin,BIO,CC(Oc1ccccc1)C(=O)N[C@H]1[C@H]2SC(C)(C)[C@@H](N2C1=O)C(O)=O,BRD-A66025870_4.96,BRD-A66025870-237-05-1_4.96,trt,,bacterial cell wall synthesis inhibitor,bacterial cell wall synthesis inhibitor
BRD-A69777949-001-04-4,10.0,PAC005_U2OS_6H_X1_B1_UNI4445R,BRD-A69777949,flumequine,BIO,CC1CCc2cc(F)cc3c2n1cc(C(O)=O)c3=O,BRD-A69777949_10.0,BRD-A69777949-001-04-4_10.0,trt,,topoisomerase inhibitor,DNA inhibitor
BRD-A75817871-001-02-6,17.1039,PAC005_U2OS_6H_X1_B1_UNI4445R,BRD-A75817871,blebbistatin,BIO,Cc1ccc2N=C3N(CCC3(O)C(=O)c2c1)c1ccccc1,BRD-A75817871_17.1,BRD-A75817871-001-02-6_17.1,trt,,ATPase inhibitor,ATPase inhibitor
BRD-A80594172-001-02-0,10.0,PAC005_U2OS_6H_X1_B1_UNI4445R,BRD-A80594172,betamethasone valerate,BIO,CCCCC(=O)O[C@@]1([C@@H](C)CC2C3CCC4=CC(=O)C=C[C@]4(C)[C@@]3(F)C(O)C[C@]12C)C(=O)CO,BRD-A80594172_10.0,BRD-A80594172-001-02-0_10.0,trt,,glucocorticoid receptor agonist,glucocorticoid receptor agonist
BRD-A82238138-001-01-7,10.0,PAC005_U2OS_6H_X1_B1_UNI4445R,BRD-A82238138,BRD-A82238138,BIO,CCCC1OC2CC3C4CCC5=CC(=O)C=CC5(C)C4C(O)CC3(C)C2(O1)C(=O)CO,BRD-A82238138_10.0,BRD-A82238138-001-01-7_10.0,trt,,glucocorticoid receptor agonist,glucocorticoid receptor agonist
BRD-A85137183-001-01-2,10.0,PAC005_U2OS_6H_X1_B1_UNI4445R,BRD-A85137183,cefprozil,BIO,C\C=C/C1=C(N2C(SC1)C(NC(=O)C(N)c1ccc(O)cc1)C2=O)C(O)=O,BRD-A85137183_10.0,BRD-A85137183-001-01-2_10.0,trt,,bacterial cell wall synthesis inhibitor,bacterial cell wall synthesis inhibitor
BRD-A89434049-001-02-1,10.0,PAC005_U2OS_6H_X1_B1_UNI4445R,BRD-A89434049,sarmentogenin,BIO,CC12C[C@@H](O)C3C(CCC4CC(O)CCC34C)C1(O)CCC2C1=CC(=O)OC1,BRD-A89434049_10.0,BRD-A89434049-001-02-1_10.0,trt,,ATPase inhibitor,ATPase inhibitor
BRD-A67552019-001-02-2,8.55209,PAC005_U2OS_6H_X3_B1_UNI4445L,BRD-A67552019,ouabain,BIO,CC1OC(O[C@H]2C[C@@H](O)[C@]3(CO)[C@H]4[C@H](O)C[C@]5(C)[C@H](CC[C@]5(O)[C@@H]4CC[C@]3(O)C2)C2=CC(=O)OC2)C(O)C(O)C1O,BRD-A67552019_8.55,BRD-A67552019-001-02-2_8.55,trt,,ATPase inhibitor,ATPase inhibitor
BRD-A71816415-236-02-7,10.0,PAC005_U2OS_6H_X3_B1_UNI4445L,BRD-A71816415,pravastatin,BIO,CCC(C)C(=O)O[C@H]1C[C@H](O)C=C2C=C[C@H](C)[C@H](CC[C@@H](O)C[C@@H](O)CC(O)=O)C12,BRD-A71816415_10.0,BRD-A71816415-236-02-7_10.0,trt,,HMGCR inhibitor,HMGCR inhibitor
BRD-A49172652-001-13-1,10.0,PAC005_U2OS_6H_X3_B1_UNI4445R,BRD-A49172652,lansoprazole,BIO,Cc1c(OCC(F)(F)F)ccnc1CS(=O)c1nc2ccccc2[nH]1,BRD-A49172652_10.0,BRD-A49172652-001-13-1_10.0,trt,,ATPase inhibitor,ATPase inhibitor
BRD-A63894585-001-03-4,4.28293,PAC005_U2OS_6H_X3_B1_UNI4445R,BRD-A63894585,clobetasol propionate,BIO,CCC(=O)OC1([C@@H](C)C[C@H]2[C@@H]3CCC4=CC(=O)C=C[C@]4(C)[C@@]3(F)[C@@H](O)C[C@]12C)C(=O)CCl,BRD-A63894585_4.28,BRD-A63894585-001-03-4_4.28,trt,,glucocorticoid receptor agonist,glucocorticoid receptor agonist
BRD-A66025870-237-05-1,4.95645,PAC005_U2OS_6H_X3_B1_UNI4445R,BRD-A66025870,pheneticillin,BIO,CC(Oc1ccccc1)C(=O)N[C@H]1[C@H]2SC(C)(C)[C@@H](N2C1=O)C(O)=O,BRD-A66025870_4.96,BRD-A66025870-237-05-1_4.96,trt,,bacterial cell wall synthesis inhibitor,bacterial cell wall synthesis inhibitor
BRD-A69777949-001-04-4,10.0,PAC005_U2OS_6H_X3_B1_UNI4445R,BRD-A69777949,flumequine,BIO,CC1CCc2cc(F)cc3c2n1cc(C(O)=O)c3=O,BRD-A69777949_10.0,BRD-A69777949-001-04-4_10.0,trt,,topoisomerase inhibitor,DNA inhibitor
BRD-A75817871-001-02-6,17.1039,PAC005_U2OS_6H_X3_B1_UNI4445R,BRD-A75817871,blebbistatin,BIO,Cc1ccc2N=C3N(CCC3(O)C(=O)c2c1)c1ccccc1,BRD-A75817871_17.1,BRD-A75817871-001-02-6_17.1,trt,,ATPase inhibitor,ATPase inhibitor
BRD-A80594172-001-02-0,10.0,PAC005_U2OS_6H_X3_B1_UNI4445R,BRD-A80594172,betamethasone valerate,BIO,CCCCC(=O)O[C@@]1([C@@H](C)CC2C3CCC4=CC(=O)C=C[C@]4(C)[C@@]3(F)C(O)C[C@]12C)C(=O)CO,BRD-A80594172_10.0,BRD-A80594172-001-02-0_10.0,trt,,glucocorticoid receptor agonist,glucocorticoid receptor agonist
BRD-A82238138-001-01-7,10.0,PAC005_U2OS_6H_X3_B1_UNI4445R,BRD-A82238138,BRD-A82238138,BIO,CCCC1OC2CC3C4CCC5=CC(=O)C=CC5(C)C4C(O)CC3(C)C2(O1)C(=O)CO,BRD-A82238138_10.0,BRD-A82238138-001-01-7_10.0,trt,,glucocorticoid receptor agonist,glucocorticoid receptor agonist
BRD-A85137183-001-01-2,10.0,PAC005_U2OS_6H_X3_B1_UNI4445R,BRD-A85137183,cefprozil,BIO,C\C=C/C1=C(N2C(SC1)C(NC(=O)C(N)c1ccc(O)cc1)C2=O)C(O)=O,BRD-A85137183_10.0,BRD-A85137183-001-01-2_10.0,trt,,bacterial cell wall synthesis inhibitor,bacterial cell wall synthesis inhibitor
BRD-A89434049-001-02-1,10.0,PAC005_U2OS_6H_X3_B1_UNI4445R,BRD-A89434049,sarmentogenin,BIO,CC12C[C@@H](O)C3C(CCC4CC(O)CCC34C)C1(O)CCC2C1=CC(=O)OC1,BRD-A89434049_10.0,BRD-A89434049-001-02-1_10.0,trt,,ATPase inhibitor,ATPase inhibitor
BRD-A09161221-001-01-9,10.0,PAC006_U2OS_6H_X2_B1_UNI4445L,BRD-A09161221,nomilin hydrochloride,BIO,CC(=O)O[C@@H]1CC(=O)OC(C)(C)C2CC(=O)[C@]3(C)C(CC[C@@]4(C)[C@@H](OC(=O)[C@H]5O[C@@]345)c3ccoc3)[C@@]12C,BRD-A09161221_10.0,BRD-A09161221-001-01-9_10.0,trt,,HSP inhibitor,HSP inhibitor
BRD-A11678676-001-02-6,10.0,PAC006_U2OS_6H_X2_B1_UNI4445L,BRD-A11678676,wortmannin,BIO,COC[C@H]1OC(=O)c2coc3c2[C@@]1(C)C1=C(C2CCC(=O)[C@@]2(C)C[C@H]1OC(C)=O)C3=O,BRD-A11678676_10.0,BRD-A11678676-001-02-6_10.0,trt,,PI3K inhibitor,PI3K inhibitor
BRD-A34806832-001-02-7,3.76896,PAC006_U2OS_6H_X2_B1_UNI4445L,BRD-A34806832,proscillaridin,BIO,C[C@@H]1O[C@@H](O[C@H]2CC[C@]3(C)C4CC[C@]5(C)[C@H](CC[C@]5(O)C4CCC3=C2)c2ccc(=O)oc2)[C@H](O)[C@H](O)[C@H]1O,BRD-A34806832_3.77,BRD-A34806832-001-02-7_3.77,trt,,ATPase inhibitor,ATPase inhibitor
BRD-A37704979-001-02-4,13.2473,PAC006_U2OS_6H_X2_B1_UNI4445L,BRD-A37704979,SB-203580,BIO,CS(=O)c1ccc(cc1)-c1nc(c([nH]1)-c1ccncc1)-c1ccc(F)cc1,BRD-A37704979_13.25,BRD-A37704979-001-02-4_13.25,trt,,p38 MAPK inhibitor,MAPK inhibitor
BRD-A40022950-001-02-9,10.0,PAC006_U2OS_6H_X2_B1_UNI4445L,BRD-A40022950,gitoxigenin diacetate,BIO,CC(=O)OC1CC2(O)C3CCC4CC(CC[C@]4(C)C3CC[C@]2(C)C1C1=CC(=O)OC1)OC(C)=O,BRD-A40022950_10.0,BRD-A40022950-001-02-9_10.0,trt,,ATPase inhibitor,ATPase inhibitor
BRD-A22380646-001-01-5,10.0,PAC006_U2OS_6H_X2_B1_UNI4445R,BRD-A22380646,pantoprazole,BIO,COc1ccnc(CS(=O)c2nc3cc(OC(F)F)ccc3[nH]2)c1OC,BRD-A22380646_10.0,BRD-A22380646-001-01-5_10.0,trt,,ATPase inhibitor,ATPase inhibitor
BRD-A30717181-001-02-7,10.0,PAC006_U2OS_6H_X2_B1_UNI4445R,BRD-A30717181,triamcinolone diacetate,BIO,CC(=O)OCC(=O)[C@@]1(O)[C@@H](CC2C3CCC4=CC(=O)C=C[C@]4(C)[C@@]3(F)[C@@H](O)C[C@]12C)OC(C)=O,BRD-A30717181_10.0,BRD-A30717181-001-02-7_10.0,trt,,glucocorticoid receptor agonist,glucocorticoid receptor agonist
BRD-A44551378-001-01-9,10.0,PAC006_U2OS_6H_X2_B1_UNI4445R,BRD-A44551378,LFM-A12,BIO,CC(=O)C(C#N)C(=O)Nc1ccc(OC(F)(F)F)cc1,BRD-A44551378_10.0,BRD-A44551378-001-01-9_10.0,trt,,EGFR inhibitor,EGFR inhibitor
BRD-K41996876-001-05-5,27.1452895159137,PAC002_U2OS_6H_X1_B1_UNI4445L,BRD-K41996876,tyrphostin 1,BIO,COc1ccc(C=C(C#N)C#N)cc1,BRD-K41996876_27.15,BRD-K41996876-001-05-5_27.15,trt,,EGFR inhibitor,EGFR inhibitor
BRD-K41996876-001-05-5,27.1452895159137,PAC002_U2OS_6H_X3_B1_UNI4445L,BRD-K41996876,tyrphostin 1,BIO,COc1ccc(C=C(C#N)C#N)cc1,BRD-K41996876_27.15,BRD-K41996876-001-05-5_27.15,trt,,EGFR inhibitor,EGFR inhibitor
BRD-A49225603-045-02-7,10.0,PAC005_U2OS_6H_X1_B1_UNI4445L,BRD-A49225603,trimeprazine tartrate,BIO,CC(CN(C)C)CN1c2ccccc2Sc2ccccc12,BRD-A49225603_10.0,BRD-A49225603-045-02-7_10.0,trt,,histamine receptor agonist,histamine receptor agonist
BRD-A49225603-045-02-7,10.0,PAC005_U2OS_6H_X3_B1_UNI4445L,BRD-A49225603,trimeprazine tartrate,BIO,CC(CN(C)C)CN1c2ccccc2Sc2ccccc12,BRD-A49225603_10.0,BRD-A49225603-045-02-7_10.0,trt,,histamine receptor agonist,histamine receptor agonist
BRD-A00100033-001-04-8,6.96155827520432,PAC006_U2OS_6H_X2_B1_UNI4445L,BRD-A00100033,BRD-A00100033,BIO,CC1CS(=O)(=O)CCN1N=Cc1ccc(o1)[N+]([O-])=O,BRD-A00100033_6.96,BRD-A00100033-001-04-8_6.96,trt,,DNA inhibitor,DNA inhibitor
